code,standard_name,aliases,category
100003,动脉硬化检测,,动脉硬化
100004,血管内皮检测,,血管内皮
100005,TS宫颈癌筛查,,TS检查
100007,耳鼻喉检查,,耳鼻喉科
100008,口腔基础检查,,口腔科
100009,外科女一般检查,,外科
100010,口腔SPA,,口腔科
100011,心电图,,心电室
100012,德国心肺功能测试,,心电室
100013,C13呼气试验(幽门螺旋杆菌),C13呼气试验（幽门螺旋杆菌）,化验室
100014,幽门螺旋杆菌(C-14),,化验室
100015,常规检查,,一般检查
100016,内科一般检查,,内科
100017,外科男一般检查,,外科
100018,眼部基础检查,,眼科
100020,妇科一般检查,,妇科
100021,TCT超薄液基细胞学检测-宫颈(W),TCT超薄液基细胞学检测-宫颈（W),化验室
100023,24小时动态心电图(新型),24小时动态心电图（新型）,心电室
100024,神经肌电图,,眼科
100025,口腔深度养护,,口腔科
100026,欧博皮肤检测,,功能检测
100027,LIFE生物能量检测,,功能检测
100028,人体成份分析,,人体成份
100029,乳腺钼靶体检,,MG乳腺钼靶
100030,乳腺钼靶,,MG乳腺钼靶
100031,骨密度检查,,骨密度
100032,单部位X射线骨密度,,双能骨密度
100033,双能骨密度检查,,双能骨密度
100034,动脉内膜功能检测,,血管内皮
100035,胶囊胃镜检查,,肠胃镜
100036,无痛肠镜检查,,肠胃镜
100037,无痛胃镜检查,,肠胃镜
100038,定制健康增值服务,,总检室
100039,24小时动态心电图( HOLTER),,心电室
100040,乳腺钼靶检查,,MG乳腺钼靶
100041,项目说明,,项目说明
100042,随机指尖血糖测量,,一般检查
100043,眼底光学断层扫描-眼底OCT,,眼科特检
100044,眼底照相,,眼科特检
100045,眼压测量,,眼科特检
100046,裂隙灯检查,,眼科特检
100047,视功能分析,,眼科特检
100048,干眼检测,,眼科特检
100049,电脑验光视力筛查,,眼科特检
100050,眼光学生物测量-I0Lmaster700,,眼科特检
100051,视野检测,,眼科特检
100052,眼底检查,,眼科特检
100053,色觉检查,,眼科特检
100054,丽滋精明眼科检查组合,,眼科特检
100055,红细胞影像检测,,功能检测
100056,眼前节光学相关断层扫描,,眼科特检
100057,焦度计镜片度数测量,,眼科特检
100058,瞳距测量-PM-700,,眼科特检
100059,视觉电生理检查,,眼科特检
100060,综合验光,,眼科特检
100061,角膜内膜计数/功能检查,,眼科特检
100062,眼部超声及眼部超声生物显微,,眼科特检
100063,激光视网膜视力检查,,眼科特检
100064,丽滋明眸眼科检查组合,,眼科特检
100065,乳腺ABUS全容积检查,,MG乳腺钼靶
100066,干眼检测-快速泪液分泌检测,,眼科特检
100067,干眼分析仪检测,,眼科特检
100068,动态心电图监测,,心电室
100069,动态心电图72小时监测,,心电室
100070,动态心电图4小时监测,,心电室
100071,动态心电图24小时监测,,心电室
100072,IPN 踏车(心脏功能检测)+心脏压力,IPN 踏车（心脏功能检测）+心脏压力,心电室
100073,PSY健康心理测评,,功能检测
100074,低剂量肺CT检查(专用),低剂量肺CT检查（专用）,CT室
100075,乳腺钼靶检查(专用),乳腺钼靶检查（专用）,MG乳腺钼靶
100076,冠脉钙化积分(专用),冠脉钙化积分（专用）,CT室
100077,心肺运动试验-静态肺功能检查,,心电室
100078,心肺运动试验(CPET),心肺运动试验（CPET）,心电室
100079,运动负荷心电图(心脏负荷试验),运动负荷心电图（心脏负荷试验),心电室
100080,24小时压力评估,,心电室
100081,嗅觉识别功能评估,,功能检测
100082,视觉衰老评估,,功能检测
100083,蒙特利尔认知评估量表,,功能检测
100084,快速眼动检测,,功能检测
100085,瞬感14天动态血糖监测,,功能检测
100086,24小时睡眠评估(心电贴),24小时睡眠评估(心电贴）,功能检测
100087,Jamar Smart握力分析,,一般检查
100088,阴道镜检查(六大机能检测),阴道镜检查（六大机能检测）,妇科
100089,专科专家问诊,,健康问诊
100090,脑早衰与睡眠体检量表评估,,功能检测
100091,气道狭窄检查,,耳鼻喉科
100092,【评估】焦虑抑郁量表评估一次,,功能检测
100093,简易睡眠监测一次,,功能检测
100094,【评估】睡眠质量评估量表一次,,功能检测
170122,口腔CT检查,,口腔科
170123,全景x光片,,口腔科
170124,阴茎三维多普勒血流测定,,功能检测
191001,Y-24小时动态心电图( HOLTER),,心电室
191002,Y-24小时动态血压监测,,心电室
191003,Y-TS宫颈癌筛查,,TS检查
191004,Y-常规12导心电图检查,,心电室
191005,Y-常规检查,,一般检查
191006,Y-动脉硬化检测,,动脉硬化
191007,Y-耳鼻喉检查,,耳鼻喉科
191008,Y-妇科一般检查,,妇科
191009,Y-骨密度检查,,骨密度
191010,Y-口腔基础检查,,口腔科
191011,Y-内科一般检查,,内科
191012,Y-人体成份分析,,人体成份
191013,Y-外科男一般检查,,外科
191014,Y-外科女一般检查,,外科
191015,Y-眼部检查(体检),Y-眼部检查（体检）,眼科
191016,Y-重金属检测-手掌表皮检测oligosan,,重金属检测
191017,Y-美国LIFE生物能量智能检测,,重金属检测
191018,Y-妇科总检(体检),Y-妇科总检（体检）,妇科总检室
191019,Y-rigiscan阴茎海绵体血流检测(硬度),Y-rigiscan阴茎海绵体血流检测(硬度）,功能检测
191020,Y-男性阴茎敏感度检测,,功能检测
191021,Y-阴茎多普勒血流测定,,功能检测
191022,Y-盆底肌电图检查,,功能检测
191023,Y-阴道镜检查(六大机能检测),Y-阴道镜检查（六大机能检测）,妇科
192001,Y-25-羟基维生素D,,化验室
192002,Y-C13呼气试验-幽门螺旋杆菌,,化验室
192003,Y-超敏C反应蛋白(B),Y-超敏C反应蛋白（B）,化验室
192004,Y-C肽+胰岛素(空腹),Y-C肽+胰岛素（空腹）,化验室
192005,"Y-D-二聚体定量(D-dimer),免疫比浊法",,化验室
192006,Y-GXB病原学四项(乙丙梅毒HIV),Y-GXB病原学四项（乙丙梅毒HIV）,化验室
192007,"Y-N端B型利钠肽前体(NT-ProBNP),电化学发光法",,化验室
192008,Y-TCT超薄液基细胞学检测-宫颈(W),Y-TCT超薄液基细胞学检测-宫颈（W),化验室
192009,Y-TM肿瘤标志物全项(男),Y-TM肿瘤标志物全项（男),化验室
192010,Y-TM肿瘤标志物全项(女),Y-TM肿瘤标志物全项（女),化验室
192011,Y-癌胚抗原(CEA),,化验室
192012,Y-甲胎蛋白(AFP),,化验室
192013,Y-前列腺肿瘤标志物三项,,化验室
192014,Y-糖类抗原CA125,,化验室
192015,Y-糖类抗原CA153,,化验室
192016,Y-糖类抗原CA199,,化验室
192017,Y-糖类抗原CA242,,化验室
192018,Y-糖类抗原CA72-4,,化验室
192019,Y-肿瘤标志物全项(男性),Y-肿瘤标志物全项（男性）,化验室
192020,Y-肿瘤标志物全项(女性),Y-肿瘤标志物全项（女性）,化验室
192021,Y-艾滋病毒抗体HIV-Ab检测,,化验室
192022,Y-丙型肝炎病毒抗体IgG,,化验室
192023,Y-丙型肝炎抗体二项,,化验室
192024,Y-病原学八项-乙5丙1梅毒HIV-定性,,化验室
192025,Y-病原学七项(乙肝五项+甲丙肝IGM抗体),,化验室
192026,Y-病原学七项(乙五丙IgM梅),Y-病原学七项（乙五丙IgM梅）,化验室
192027,Y-病原学十项(甲乙丙肝梅毒+HIV),Y-病原学十项（甲乙丙肝梅毒+HIV）,化验室
192028,Y-病原学四项(甲丙肝与梅毒),Y-病原学四项（甲丙肝与梅毒）,化验室
192029,Y-病原学相关指标九项(甲乙丙肝与梅毒),Y-病原学相关指标九项（甲乙丙肝与梅毒）,化验室
192030,Y-梅毒螺旋体抗体(TP-Ab),Y-梅毒螺旋体抗体（TP-Ab）,化验室
192031,Y-术前八项(乙丙肝梅毒HIV),Y-术前八项（乙丙肝梅毒HIV）,化验室
192032,Y-乙肝五项/乙肝两对半(定量),Y-乙肝五项/乙肝两对半（定量）,化验室
192033,Y-乙肝五项|乙肝两对半(定性),,化验室
192034,Y-电解质四项(CA/K/NA/CL),Y-电解质四项（CA/K/NA/CL),化验室
192035,Y-血清电解质检查(K/Na/Cl/Ca),,化验室
192036,Y-空腹C肽,,化验室
192037,Y-空腹血糖,,化验室
192038,Y-空腹胰岛素,,化验室
192039,Y-白带常规,,化验室
192040,Y-细菌性阴道病BV检测,,化验室
192041,Y-超敏C反应蛋白(hs-CRP),,化验室
192042,Y-同型半胱氨酸(HCY),Y-同型半胱氨酸（HCY）,化验室
192043,Y-心功能八项,,化验室
192044,Y-心肌酶四项(LDH/CK/CKMB/α-HBDH),Y-心肌酶四项（LDH/CK/CKMB/α-HBDH）,化验室
192045,Y-心脑血管风险8项,,化验室
192046,Y-心脑血管因子九项,,化验室
192047,Y-雌二醇(E2),,化验室
192048,Y-硫酸脱氢表雄酮DHEA-S,,化验室
192049,"Y-人绒毛膜促性腺激素(HCG),电化学发光法",,化验室
192050,Y-性激素八项(男性),Y-性激素八项（男性）,化验室
192051,Y-性激素八项(女性),Y-性激素八项（女性）,化验室
192052,Y-孕酮(P),,化验室
192053,Y-风湿两项(RF/ASO),,化验室
192054,Y-风湿三项(RF/ASO/CCP-Ab),Y-风湿三项（RF/ASO/CCP-Ab),化验室
192055,Y-风湿四项(RF/ASO/CRP/CCPAB),Y-风湿四项(RF/ASO/CRP/CCPAB）,化验室
192056,Y-肝功能十二项(含两比值),Y-肝功能十二项（含两比值）,化验室
192057,Y-肾功能检测(三项),Y-肾功能检测(三项）,化验室
192058,Y-血脂全套(七项),,化验室
192059,Y-血脂四项CHO/TG/HDL/LDL,,化验室
192060,Y-凝血功能四项检查,,化验室
192061,Y-凝血功能五项检查(含比值),Y-凝血功能五项检查（含比值）,化验室
192062,Y-甲功五项TPO,,化验室
192063,Y-胃蛋白酶三项测定,,化验室
192064,Y-糖化血红蛋白HbAlc,,化验室
192065,Y-血常规(五分类),Y-血常规（五分类）,化验室
192066,Y-血型鉴定,,化验室
192067,"Y-叶酸(FOL),化学发光法",,化验室
192068,Y-叶酸+VB12,,化验室
192069,Y-营养元素测试(VD+VB12+叶酸),,化验室
192070,Y-脂蛋白相关磷脂酶A2(LP-PLA2),Y-脂蛋白相关磷脂酶A2（LP-PLA2),化验室
192071,Y-食物不耐受特异性IgG抗体90项(W),,化验室
192072,Y-食物不耐受特异性IGG抗体14项(常见食物类),Y-食物不耐受特异性IGG抗体14项（常见食物类）,化验室
192073,Y-人乳头瘤病毒(HPV)核酸检测(17+6),Y-人乳头瘤病毒（HPV）核酸检测（17+6）,化验室
192074,Y-尿常规,,化验室
192075,Y-尿沉渣,,化验室
192076,Y-尿微量白蛋白三项,,化验室
192077,Y-便常规,,化验室
192078,Y-便潜血定量检测,,化验室
192079,Y-免疫球蛋白E(IGE特定蛋白),,化验室
192080,Y-免疫五项(IgG/IgM/IGA/C3/C4),Y-免疫五项（IgG/IgM/IGA/C3/C4),化验室
192081,Y-巨细胞病毒IgM抗体(CMV-IgM)定性,,化验室
192082,Y-血糖C肽胰岛素空腹,,化验室
192083,Y-血清淀粉酶AMY,,化验室
192084,Y-生殖染色体-外周血染色体核型分析,,化验室
192085,Y-优生十项定性,,化验室
192086,Y-胃泌素G17,,化验室
192087,Y-抗缪勒管激素,,化验室
192088,Y-鳞状上皮细胞癌抗原(SCC),,化验室
192089,Y-细胞角蛋白19片段,,化验室
192090,Y-人附睾蛋白HE4,,化验室
192091,Y-血清铁蛋白,,化验室
192092,Y-乙型肝炎病毒DNA高灵敏检测,,化验室
192093,Y-肿瘤四项(AFP/CEA/125/724),Y-肿瘤四项（AFP/CEA/125/724）,化验室
192094,Y-甲功三项(TSH/FT3/FT4),,化验室
192095,Y-精液常规分析,,化验室
192096,Y-前列腺液常规分析(W),Y-前列腺液常规分析（W),化验室
192097,Y-前列腺小体外泄蛋白(PSEP),,化验室
192098,Y-餐后半小时血糖,,化验室
192099,Y-餐后1小时血糖,,化验室
192100,Y-餐后2小时血糖,,化验室
192101,Y-餐后3小时血糖,,化验室
192102,Y-脂联素,,化验室
192103,Y-尿培养与药敏,,化验室
192104,Y-优生十项定量,,化验室
192105,Y-便潜血定性检测,,化验室
194001,Y-1073全套有机酸代谢分析(尿液HC*),Y-1073全套有机酸代谢分析（尿液HC*）,化验室
195001,Y-残余尿 超声检查,,彩超室
195002,Y-超声引导穿刺,,彩超室
195003,Y-单部位超声检查,,彩超室
195004,Y-单部位超声项目,,彩超室
195005,Y-副乳(双侧)超声检查,Y-副乳（双侧）超声检查,彩超室
195006,Y-腹部(肝胆胰脾双肾)超声,Y-腹部（肝胆胰脾双肾）超声,彩超室
195007,Y-腹部体表包块超声检查,,彩超室
195008,Y-腹股沟包块超声检查,,彩超室
195009,Y-腹股沟淋巴结 超声检查,,彩超室
195010,Y-腹膜后淋巴结超声检查,,彩超室
195011,Y-腹腔(腹水)超声检查,Y-腹腔（腹水）超声检查,彩超室
195012,Y-腹腔淋巴结 超声检查,,彩超室
195013,Y-腹主动脉 超声检查,,彩超室
195014,Y-肛周脓肿 超声检查,,彩超室
195015,Y-颌下淋巴结超声检查,,彩超室
195016,Y-颌下腺(双侧)超声检查,Y-颌下腺（双侧）超声检查,彩超室
195017,Y-肌骨超声,,彩超室
195018,Y-甲状旁腺(双侧) 超声检查,Y-甲状旁腺（双侧） 超声检查,彩超室
195019,Y-甲状软骨 超声检查,,彩超室
195020,Y-甲状腺超声,,彩超室
195021,Y-颈部淋巴结超声检查,,彩超室
195022,Y-颈部体表包块 超声检查,,彩超室
195023,Y-颈部血管(双侧) 超声检查,Y-颈部血管（双侧） 超声检查,彩超室
195024,Y-颈侧淋巴结(双侧)超声检查,Y-颈侧淋巴结（双侧）超声检查,彩超室
195025,Y-颈动脉超声(双侧),Y-颈动脉超声（双侧）,彩超室
195026,Y-膀胱 超声检查,,彩超室
195027,Y-膀胱+前列腺 超声检查,,彩超室
195028,Y-盆腔彩超-经腹,,彩超室
195029,Y-盆腔彩超-经阴,,彩超室
195030,Y-盆腔超声检查(经腹或经阴),,彩超室
195031,Y-其他部位超声,,彩超室
195032,Y-髂动脉(双侧)超声检查,Y-髂动脉（双侧）超声检查,彩超室
195033,Y-前列腺 经腹部 超声检查,,彩超室
195034,Y-前列腺 经直肠 超声检查,,彩超室
195035,Y-乳腺(双侧)超声检查,Y-乳腺（双侧）超声检查,彩超室
195036,Y-腮腺超声检查,,彩超室
195037,Y-上腹(肝胆胰脾)超声检查,,彩超室
195038,Y-上肢动、静脉(双侧)血管超声检查,Y-上肢动、静脉（双侧）血管超声检查,彩超室
195039,Y-上肢动脉(双侧)血管超声检查,Y-上肢动脉（双侧）血管超声检查,彩超室
195040,Y-上肢静脉(双侧)血管超声检查,Y-上肢静脉（双侧）血管超声检查,彩超室
195041,Y-肾动脉 超声检查,,彩超室
195042,Y-肾静脉 超声检查,,彩超室
195043,Y-肾上腺(双侧) 超声检查,Y-肾上腺（双侧） 超声检查,彩超室
195044,Y-输尿管+膀胱 超声检查,,彩超室
195045,Y-双肾+输尿管+膀胱+前列腺超声检查,,彩超室
195046,Y-双肾+输尿管+膀胱超声检查,,彩超室
195047,Y-双肾+双侧输尿管 超声检查,,彩超室
195048,Y-双肾超声检查,,彩超室
195049,Y-锁骨上窝淋巴结(双侧)超声,Y-锁骨上窝淋巴结（双侧）超声,彩超室
195050,Y-锁骨下动脉 超声检查,,彩超室
195051,Y-下腔静脉 超声检查,,彩超室
195052,Y-下肢动、静脉(双侧)血管超声检查,Y-下肢动、静脉（双侧）血管超声检查,彩超室
195053,Y-下肢动脉(双侧)血管超声检查,Y-下肢动脉（双侧）血管超声检查,彩超室
195054,Y-下肢静脉(双侧)血管超声检查,Y-下肢静脉（双侧）血管超声检查,彩超室
195055,Y-心包 超声检查,,彩超室
195056,Y-心包腔超声检查,,彩超室
195057,Y-心脏超声检查,,彩超室
195058,Y-胸部体表包块 超声检查,,彩超室
195059,Y-胸腔(双侧)超声检查,Y-胸腔（双侧）超声检查,彩超室
195060,Y-颜面部包块 超声检查,,彩超室
195061,Y-眼部(双侧) 彩超检查,Y-眼部（双侧） 彩超检查,彩超室
195062,Y-腋窝(双侧)超声检查,Y-腋窝（双侧）超声检查,彩超室
195063,Y-腋窝淋巴结 超声检查,,彩超室
195064,Y-阴囊睾丸 超声检查,,彩超室
195065,Y-阴囊睾丸+附睾+精索静脉超声检查,,彩超室
195066,Y-阴囊睾丸+附睾超声检查,,彩超室
195067,Y-阴囊睾丸+精索静脉超声检查,,彩超室
195068,Y-右下腹(阑尾) 超声检查,Y-右下腹（阑尾） 超声检查,彩超室
195069,Y-椎动脉(双侧)超声,Y-椎动脉（双侧）超声,彩超室
196001,Y-冠脉钙化积分检查,,CT室
196002,Y-颈椎CT平扫,,CT室
196003,Y-全腹部(肝胆胰脾肾盆腔)CT平扫,Y-全腹部（肝胆胰脾肾盆腔）CT平扫,CT室
196004,Y-上腹部(肝胆胰脾肾)CT平扫,Y-上腹部(肝胆胰脾肾）CT平扫,CT室
196005,Y-双肺低剂量CT平扫,,CT室
196006,Y-头颅CT平扫,,CT室
196007,Y-腰椎CT平扫,,CT室
196008,Y-冠状动脉CTA,,CT室
197001,Y-乳腺钼靶,,MG乳腺钼靶
197002,Y-胸部CT平扫,,CT室
197003,Y-肝功能五项,,化验室
300001,心脏超声检查,,彩超室
300002,上肢动脉(双侧)血管超声检查,上肢动脉（双侧）血管超声检查,彩超室
300003,下肢动脉(双侧)血管超声检查,下肢动脉（双侧）血管超声检查,彩超室
300004,甲状腺超声,,彩超室
300005,胸腔(单侧)超声检查,胸腔（单侧）超声检查,彩超室
300006,椎动脉(双侧)超声,椎动脉（双侧）超声,彩超室
300007,颈动脉超声(双侧),颈动脉超声（双侧）,彩超室
300008,前列腺 经腹部 超声检查,,彩超室
300009,上腹(肝胆胰脾)超声检查,,彩超室
300010,颈部血管(双侧) 超声检查,颈部血管（双侧） 超声检查,彩超室
300012,下肢动、静脉(双侧)血管超声检查,下肢动、静脉（双侧）血管超声检查,彩超室
300013,双肾+输尿管+膀胱超声检查,,彩超室
300014,盆腔彩超-经阴,,彩超室
300015,24小时动态血压监测,,心电室
300016,盆腔彩超-经腹,,彩超室
300017,"抗核抗体谱-17项,免疫印迹法(W)",,化验室
300018,乳腺(双侧)超声检查,乳腺（双侧）超声检查,彩超室
300019,废111,,彩超室
300020,阴囊睾丸 超声检查,,彩超室
300021,腹部(肝胆胰脾双肾)超声,腹部（肝胆胰脾双肾）超声,彩超室
300022,输尿管+膀胱 超声检查,,彩超室
300023,双肾+双侧输尿管 超声检查,,彩超室
300024,废,,彩超室
300025,锁骨下动脉 超声检查,,彩超室
300026,腋窝淋巴结 超声检查,,彩超室
300027,废-眼超双,,彩超室
300028,心包 超声检查,,彩超室
300029,下腔静脉 超声检查,,彩超室
300030,胸部体表包块 超声检查,,彩超室
300031,腋窝(双侧)超声检查,腋窝（双侧）超声检查,彩超室
300032,髂动脉(双侧)超声检查,髂动脉（双侧）超声检查,彩超室
300033,副乳(双侧)超声检查,副乳（双侧）超声检查,彩超室
300034,肾上腺(双侧) 超声检查,肾上腺（双侧） 超声检查,彩超室
300035,肾静脉 超声检查,,彩超室
300036,肾动脉 超声检查,,彩超室
300037,腮腺超声检查,,彩超室
300038,颈部淋巴结(双侧)超声检查,颈部淋巴结（双侧）超声检查,彩超室
300039,甲状软骨 超声检查,,彩超室
300040,甲状旁腺(双侧) 超声检查,甲状旁腺（双侧） 超声检查,彩超室
300041,颌下腺(双侧)超声检查,颌下腺（双侧）超声检查,彩超室
300042,肛周脓肿 超声检查,,彩超室
300043,腹主动脉 超声检查,,彩超室
300044,腹腔淋巴结 超声检查,,彩超室
300045,腹股沟淋巴结 超声检查,,彩超室
300046,残余尿 超声检查,,彩超室
300047,膀胱 超声检查,,彩超室
300048,膀胱+前列腺 超声检查,,彩超室
300049,其他部位超声,,彩超室
300050,右下腹(阑尾) 超声检查,右下腹（阑尾） 超声检查,彩超室
300052,下肢静脉(双侧)血管超声检查,下肢静脉（双侧）血管超声检查,彩超室
300053,盆腔超声检查(经腹或经阴),,彩超室
300054,颈部体表包块 超声检查,,彩超室
300055,颜面部包块 超声检查,,彩超室
300056,颈侧淋巴结(双侧)超声检查,颈侧淋巴结（双侧）超声检查,彩超室
300057,锁骨上窝淋巴结(双侧)超声,锁骨上窝淋巴结（双侧）超声,彩超室
300058,颌下淋巴结超声检查,,彩超室
300059,胸腔(双侧)超声检查,胸腔（双侧）超声检查,彩超室
300060,双肾+输尿管+膀胱+前列腺超声检查,,彩超室
300061,腹膜后淋巴结超声检查,,彩超室
300062,腹腔(腹水)超声检查,腹腔（腹水）超声检查,彩超室
300063,腹部体表包块超声检查,,彩超室
300064,上肢动、静脉(双侧)血管超声检查,上肢动、静脉（双侧）血管超声检查,彩超室
300065,上肢静脉(双侧)血管超声检查,上肢静脉（双侧）血管超声检查,彩超室
300066,腹股沟包块超声检查,,彩超室
300067,颌下腺(单侧)超声检查,颌下腺（单侧）超声检查,彩超室
300068,甲状旁腺 (单侧)超声检查,甲状旁腺 （单侧）超声检查,彩超室
300069,颈部淋巴结(单侧)超声检查,颈部淋巴结（单侧）超声检查,彩超室
300070,颈部血管(单侧)超声检查,颈部血管（单侧)超声检查,彩超室
300071,颈侧淋巴结(单侧)超声检查,颈侧淋巴结（单侧）超声检查,彩超室
300072,颈动脉超声(单侧),颈动脉超声（单侧）,彩超室
300073,乳腺(单侧)超声检查,乳腺（单侧）超声检查,彩超室
300074,上肢动、静脉(单侧)超声检查,上肢动、静脉（单侧）超声检查,彩超室
300075,上肢动脉(单侧)超声检查,上肢动脉（单侧）超声检查,彩超室
300076,上肢静脉(单侧)超声检查,上肢静脉（单侧）超声检查,彩超室
300077,锁骨上窝淋巴结(单侧)超声检查,锁骨上窝淋巴结（单侧）超声检查,彩超室
300078,下肢动、静脉(单侧)超声检查,下肢动、静脉（单侧）超声检查,彩超室
300079,下肢动脉(单侧)超声检查,下肢动脉（单侧）超声检查,彩超室
300080,下肢静脉(单侧)超声检查,下肢静脉（单侧）超声检查,彩超室
300081,心包腔超声检查,,彩超室
300082,废-眼超单,,彩超室
300083,腋窝(单侧)超声检查,腋窝（单侧）超声检查,彩超室
300084,阴囊睾丸+附睾+精索静脉超声检查,,彩超室
300085,阴囊睾丸+附睾超声检查,,彩超室
300086,阴囊睾丸+精索静脉超声检查,,彩超室
300087,椎动脉(单侧)超声检查,椎动脉（单侧）超声检查,彩超室
300088,单侧腋下包块 超声检查,,彩超室
300090,双肾超声检查,,彩超室
300091,前列腺经腹超声检查(停用),前列腺经腹超声检查（停用）,彩超室
300092,其他部位包块 超声检查,,彩超室
300093,肌骨超声,,彩超室
300094,单部位超声项目,,彩超室
300095,单部位超声检查,,彩超室
300096,体表肿物超声检查,,彩超室
300101,甲状腺/心脏/颈椎双侧超声,,彩超室
300102,经颅彩色多普勒超声,,彩超室
400001,胸椎CT平扫,,CT室
400002,双髋关节CT平扫,,CT室
400003,盆腔CT增强,,CT室
400004,胸部CT平扫,,CT室
400005,头颅CT增强,,CT室
400006,双下肢动脉CTA,,CT室
400007,上腹部(肝胆胰脾肾)CT增强,上腹部(肝胆胰脾肾）CT增强,CT室
400008,肺部CT灌注成像,,CT室
400009,头颅CT平扫,,CT室
400010,胸部CT增强,,CT室
400011,颈动脉CTA,,CT室
400012,颌面部CT增强,,CT室
400013,废,,CT室
400014,上腹部(肝胆胰脾肾)CT平扫,上腹部(肝胆胰脾肾）CT平扫,CT室
400015,颌面部CT平扫,,CT室
400016,左上肢动脉CTA,,CT室
400017,左膝关节CT平扫,,CT室
400018,全身CT平扫,,CT室
400020,颅内动脉CTA,,CT室
400021,喉部CT平扫,,CT室
400022,冠状动脉CTA,,CT室
400023,喉部CT增强,,CT室
400024,盆腔CT平扫,,CT室
400025,颈椎CT平扫,,CT室
400026,右肘关节CT平扫,,CT室
400027,腰椎CT平扫,,CT室
400028,右腕关节CT平扫,,CT室
400029,双肾上腺CT平扫,,CT室
400030,双肾上腺CT平扫+增强,,CT室
400033,双肺低剂量CT平扫,,CT室
400034,右膝关节CT平扫,,CT室
400035,右踝关节CT平扫,,CT室
400037,左踝关节CT平扫,,CT室
400038,颞骨CT平扫,,CT室
400039,眼眶CT平扫,,CT室
400040,其他部位CT平扫,,CT室
400041,主动脉CTA,,CT室
400042,肺动脉CTA,,CT室
400043,胸痛三联(肺动脉+主动脉+冠状动脉),胸痛三联（肺动脉+主动脉+冠状动脉）,CT室
400044,废,,CT室
400045,冠状动脉胸主动脉CTA血管造影,,CT室
400046,椎动脉CTA,,CT室
400047,上腹部(肝胆胰脾肾)CT平扫+增强,上腹部(肝胆胰脾肾）CT平扫+增强,CT室
400048,其他部位CT(增强),其他部位CT（增强）,CT室
400049,盆腔CT平扫+增强,,CT室
400050,胸部CT平扫+增强,,CT室
400051,头颅CT平扫+增强,,CT室
400052,喉部CT平扫+增强,,CT室
400053,颌面部CT平扫+增强,,CT室
400054,其他部位CTA,,CT室
400055,冠脉CTA+心肌灌注成像,,CT室
400056,内听道CT平扫+三维重建,,CT室
400057,其它部位CT平扫,,CT室
400058,其它部位CT增强,,CT室
400059,其他部位CT平扫+增强,,CT室
400060,脑CT灌注成像,,CT室
400061,骶尾椎CT平扫,,CT室
400062,颈部CT平扫,,CT室
400063,颈部CT平扫+增强,,CT室
400064,颈部CT增强,,CT室
400065,肋骨CT三维重建,,CT室
400066,全腹部(肝胆胰脾肾盆腔)CT平扫+增强,全腹部（肝胆胰脾肾盆腔）CT平扫+增强,CT室
400067,冠脉钙化积分检查,,CT室
400068,全腹部(肝胆胰脾肾盆腔)CT平扫,全腹部（肝胆胰脾肾盆腔）CT平扫,CT室
400069,泌尿系CT平扫,,CT室
400070,右肩关节CT平扫,,CT室
400071,头颈动脉CTA,,CT室
400072,冠脉CTA+风险评估,,CT室
400073,冠脉风险评估(已做冠脉CTA可加项),冠脉风险评估（已做冠脉CTA可加项）,CT室
400074,胸椎CT平扫+三维重建,,CT室
400075,头颈部CTA与冠脉CTA联合检查,,CT室
400076,全身血管CTA(全身血管评价),全身血管CTA（全身血管评价）,CT室
400077,右肩关节CT平扫+三维重建,,CT室
400078,双肾CT平扫,,CT室
400079,左腕关节CT平扫+三维重建,,CT室
400080,骶髂关节CT平扫,,CT室
400081,眼眶CT平扫+三维重建,,CT室
400082,右肘关节CT平扫+三维重建,,CT室
400083,左肘关节CT平扫+三维重建,,CT室
400084,左腕关节CT平扫,,CT室
400085,甲状腺CT平扫,,CT室
400086,双肾CT平扫+增强,,CT室
400087,颈椎CT平扫+三维重建,,CT室
400088,左踝关节CT平扫+三维重建,,CT室
400089,左肘关节CT平扫,,CT室
400090,双肾上腺CT增强,,CT室
400091,右膝关节CT平扫+三维重建,,CT室
400092,甲状腺CT平扫+增强,,CT室
400093,眼眶CT增强,,CT室
400094,鼻咽部CT平扫,,CT室
400095,副鼻窦CT增强,,CT室
400096,双足CT平扫,,CT室
400097,副鼻窦CT平扫,,CT室
400098,双肾CT增强,,CT室
400099,右腕关节CT平扫+三维重建,,CT室
400100,左膝关节CT平扫+三维重建,,CT室
400101,泌尿系CT平扫+增强,,CT室
400102,眼眶CT平扫+增强,,CT室
400103,左肩关节CT平扫,,CT室
400104,左肩关节CT平扫+三维重建,,CT室
400105,右踝关节CT平扫+三维重建,,CT室
400106,鼻咽部CT增强,,CT室
400107,双足CT平扫+三维重建,,CT室
400108,骶髂关节CT平扫+三维重建,,CT室
400109,双手CT平扫+三维重建,,CT室
400110,副鼻窦CT平扫+增强,,CT室
400111,双手CT平扫,,CT室
400112,腰椎椎间盘CT平扫,,CT室
400113,甲状腺CT增强,,CT室
400114,腰椎CT平扫+三维重建,,CT室
400115,双髋关节CT平扫+三维重建,,CT室
400116,右上肢动脉CTA,,CT室
400117,颈椎椎间盘CT平扫,,CT室
400118,泌尿系CT增强,,CT室
400119,骶尾椎CT平扫+三维重建,,CT室
400120,鼻咽部CT平扫+增强,,CT室
400121,CT小肠造影,,CT室
400122,CT结肠造影,,CT室
400123,测试部位CT平扫,,CT室
400124,COPD慢阻肺风险评估,,CT室
500001,颈部MR增强,,MR核磁共振
500002,头颅MR平扫,,MR核磁共振
500003,其他部位MRA,,MR核磁共振
500004,鼻咽部MR增强,,MR核磁共振
500005,乳腺MR增强,,MR核磁共振
500006,胸椎椎体MR增强,,MR核磁共振
500007,双髋关节MR平扫,,MR核磁共振
500008,腰椎椎间盘MR平扫,,MR核磁共振
500009,颈椎椎间盘MR平扫,,MR核磁共振
500010,胸椎椎间盘MR平扫,,MR核磁共振
500011,腰椎椎体MR平扫,,MR核磁共振
500012,泌尿系统MRI平扫+增强,,MR核磁共振
500013,泌尿系统MRI平扫,,MR核磁共振
500014,头颅MR增强,,MR核磁共振
500015,颈椎椎体MR平扫,,MR核磁共振
500016,颈部TOF-MRA成像,,MR核磁共振
500017,上腹部(肝胆脾胰)MR增强,,MR核磁共振
500018,颈部MR平扫,,MR核磁共振
500019,上腹部(肝胆脾胰)MR平扫,,MR核磁共振
500020,左踝关节MR平扫,,MR核磁共振
500021,MRN(臂丛神经成像),MRN（臂丛神经成像）,MR核磁共振
500022,右踝关节MR平扫,,MR核磁共振
500023,头颅PC -MRV成像,,MR核磁共振
500024,鼻咽部MR平扫,,MR核磁共振
500025,盆腔MR平扫+增强,,MR核磁共振
500026,双下肢血管CE-MRA成像(增强),双下肢血管CE-MRA成像（增强）,MR核磁共振
500027,全身MR平扫(头/颈/胸/上下腹部/盆腔六部位),全身MR平扫（头/颈/胸/上下腹部/盆腔六部位）,MR核磁共振
500028,头颅CE-MRA成像(增强),头颅CE-MRA成像（增强）,MR核磁共振
500029,头颅TOF- MRA成像,,MR核磁共振
500031,乳腺MR平扫,,MR核磁共振
500032,心肌灌注CT成像,,CT室
500033,胸部(纵隔)MR增强,胸部（纵隔）MR增强,MR核磁共振
500034,高分辨率血管壁成像,,MR核磁共振
500035,左肘关节MR平扫,,MR核磁共振
500036,右肘关节MR平扫,,MR核磁共振
500037,左膝关节MR平扫,,MR核磁共振
500038,右膝关节MR平扫,,MR核磁共振
500039,脑垂体MR增强,,MR核磁共振
500040,脑磁共振灌注成像(PWI)MR,,MR核磁共振
500041,3D ASL脑灌注成像(MR),,MR核磁共振
500042,内听道MR平扫,,MR核磁共振
500043,其他部位MR平扫,,MR核磁共振
500044,右肩关节MR平扫,,MR核磁共振
500045,左肩关节MR平扫,,MR核磁共振
500047,双肾MR平扫,,MR核磁共振
500048,全脊椎MR平扫,,MR核磁共振
500049,头颅MR平扫+增强,,MR核磁共振
500050,上腹部(肝胆脾胰)MR平扫+增强,,MR核磁共振
500051,颈部MR平扫+增强,,MR核磁共振
500052,鼻咽部MR平扫+增强,,MR核磁共振
500053,乳腺MR平扫+增强,,MR核磁共振
500054,其他部位MR增强,,MR核磁共振
500055,盆腔MR增强,,MR核磁共振
500056,盆腔MR平扫,,MR核磁共振
500057,脑垂体MR平扫+增强,,MR核磁共振
500058,脑垂体MR平扫,,MR核磁共振
500059,颈部CE-MRA成像(增强),颈部CE-MRA成像（增强）,MR核磁共振
500060,其他部位MR平扫+增强,,MR核磁共振
500061,双肾MR平扫+增强,,MR核磁共振
500062,双肾MR增强,,MR核磁共振
500065,头颅MR平扫+头颅MRA+脑灌注成像,,MR核磁共振
500070,胸椎椎体MR平扫,,MR核磁共振
500080,胰胆管水成像(MRCP),,MR核磁共振
500081,泌尿系统水成像(MRU),,MR核磁共振
500088,双肾上腺MR平扫+增强,,MR核磁共振
500089,双肾上腺MR平扫,,MR核磁共振
500090,左足MR平扫,,MR核磁共振
500091,右足MR平扫,,MR核磁共振
500092,前列腺MR平扫,,MR核磁共振
500093,前列腺MR平扫+增强,,MR核磁共振
500094,前列腺MR增强,,MR核磁共振
500095,颅内血管磁共振高分辨管壁成像,,MR核磁共振
500096,磁共振灌注成像(PWI)MR,,MR核磁共振
500097,胸部(纵膈)MR平扫,胸部（纵膈）MR平扫,MR核磁共振
500098,胸部(纵隔)MR平扫+增强,胸部（纵隔）MR平扫+增强,MR核磁共振
500099,胸椎椎体MR平扫+增强,,MR核磁共振
500100,MRN(腰骶丛神经成像),MRN（腰骶丛神经成像）,MR核磁共振
500101,骶尾椎MR平扫,,MR核磁共振
500102,颈椎椎体MR平扫+增强,,MR核磁共振
500103,颈椎椎体MR增强,,MR核磁共振
500104,腰椎椎体MR平扫+增强,,MR核磁共振
500105,腰椎椎体MR增强,,MR核磁共振
500106,单部位核磁MR平扫+增强,,MR核磁共振
500107,单部位核磁MR平扫,,MR核磁共振
500108,内听道MR水成像,,MR核磁共振
500109,磁共振全身弥散成像DWI,,MR核磁共振
500110,鞍区MR平扫,,MR核磁共振
500111,脑龄分析(MR),脑龄分析（MR）,MR核磁共振
500112,右手MR平扫,,MR核磁共振
500113,左手MR平扫,,MR核磁共振
500114,鞍区MR平扫＋增强,,MR核磁共振
500115,鞍区MR增强,,MR核磁共振
500116,左腕关节MR平扫,,MR核磁共振
500117,右腕关节MR平扫,,MR核磁共振
500118,泌尿系MR增强,,MR核磁共振
500119,胰腺MR增强,,MR核磁共振
500120,面颅MR增强,,MR核磁共振
500121,双肾上腺MR增强,,MR核磁共振
500122,内听道MR增强,,MR核磁共振
500123,膀胱MR增强,,MR核磁共振
500124,眼眶MR增强,,MR核磁共振
500125,左前臂MR平扫,,MR核磁共振
500126,眼眶MR平扫,,MR核磁共振
500127,右上臂MR平扫,,MR核磁共振
500128,左上臂MR平扫,,MR核磁共振
500129,右前臂MR平扫,,MR核磁共振
500130,颞颌关节MR平扫,,MR核磁共振
500131,左下肢(胫腓骨段)MR平扫,左下肢（胫腓骨段）MR平扫,MR核磁共振
500132,膀胱MR平扫,,MR核磁共振
500133,右下肢(胫腓骨段)MR平扫,右下肢（胫腓骨段）MR平扫,MR核磁共振
500134,胰腺MR平扫,,MR核磁共振
500135,左下肢(股骨段)MR平扫,左下肢（股骨段）MR平扫,MR核磁共振
500136,右下肢(股骨段)MR平扫,右下肢（股骨段）MR平扫,MR核磁共振
500137,面颅MR平扫,,MR核磁共振
500138,双肾血管CE-MRA成像(增强),双肾血管CE-MRA成像（增强）,MR核磁共振
500139,脑磁敏感(SWI)成像,脑磁敏感（SWI）成像,MR核磁共振
500140,左上肢CE-MRA成像(增强),左上肢CE-MRA成像（增强）,MR核磁共振
500141,心脏MR成像,,MR核磁共振
500142,右上肢CE-MRA成像(增强),右上肢CE-MRA成像（增强）,MR核磁共振
500143,MRM(脊髓成像),MRM（脊髓成像）,MR核磁共振
500144,胰腺MR平扫+增强,,MR核磁共振
500145,眼眶MR平扫+增强,,MR核磁共振
500146,内听道MR平扫+增强,,MR核磁共振
500147,面颅MR平扫+增强,,MR核磁共振
500148,膀胱MR平扫+增强,,MR核磁共振
500149,全腹MR成像(上中下腹部),全腹MR成像（上中下腹部）,MR核磁共振
500150,MRI 脑灌注加权成像,,MR核磁共振
500151,MRI 磁共振质子密度脂肪分数,,MR核磁共振
500152,(不用)眼皮MR核磁检查,（不用）眼皮MR核磁检查,MR核磁共振
510001,PETMR全身核磁平扫检查,,PET
510002,PETMR全身核磁平扫+增强检查,,PET
510003,PETMR全身核磁增强(不含平扫)检查,PETMR全身核磁增强（不含平扫）检查,PET
510004,β-淀粉样蛋白 MR2检查,,PET
510005,MR2FD颅脑 MR检查,,PET
510006,MR2AV颅脑MR检查,,PET
510007,MR2前列腺核磁检查,,PET
600020,腹部立位DR,,DR（X线）
600021,腕关节正侧位DR(左侧),腕关节正侧位DR（左侧）,DR（X线）
600022,踝关节正侧位DR(左侧),踝关节正侧位DR（左侧）,DR（X线）
600023,足正斜位DR(左侧),足正斜位DR（左侧）,DR（X线）
600024,手正斜位DR(左侧),手正斜位DR（左侧）,DR（X线）
600025,肘关节正侧位DR(左侧),肘关节正侧位DR（左侧）,DR（X线）
600026,肩关节正位DR(左侧),肩关节正位DR（左侧）,DR（X线）
600027,胸部正位DR,,DR（X线）
600028,颈椎侧位DR,,DR（X线）
600029,颈椎腰椎正侧位DR,,DR（X线）
600040,胸部正侧位DR,,DR（X线）
600042,骨盆正位DR,,DR（X线）
600043,跟骨侧位DR(左侧),跟骨侧位DR（左侧）,DR（X线）
600044,腰椎正侧位DR,,DR（X线）
600045,胸椎正侧位DR,,DR（X线）
600046,颈椎正侧位DR,,DR（X线）
600047,髋关节正位DR(双侧),髋关节正位DR（双侧）,DR（X线）
600065,膝关节正侧位DR(左侧),膝关节正侧位DR（左侧）,DR（X线）
600066,其他单部位DR,,DR（X线）
600067,(停用)颈椎+腰椎DR,（停用）颈椎+腰椎DR,DR（X线）
600068,腕关节正侧位DR(右侧),腕关节正侧位DR（右侧）,DR（X线）
600069,足正侧位DR(左侧),足正侧位DR（左侧）,DR（X线）
600070,跟骨侧位DR(右侧),跟骨侧位DR（右侧）,DR（X线）
600071,胫腓骨正侧位DR(左侧),胫腓骨正侧位DR（左侧）,DR（X线）
600072,踝关节正侧位DR(右侧),踝关节正侧位DR（右侧）,DR（X线）
600073,肱骨正侧位DR(右侧),肱骨正侧位DR（右侧）,DR（X线）
600074,肩关节正位DR(右侧),肩关节正位DR（右侧）,DR（X线）
600075,手正斜位DR(双侧),手正斜位DR（双侧）,DR（X线）
600076,手正斜位DR(右侧),手正斜位DR（右侧）,DR（X线）
600077,尺桡骨正侧位DR(左侧),尺桡骨正侧位DR（左侧）,DR（X线）
600078,胫腓骨正侧位DR(右侧),胫腓骨正侧位DR（右侧）,DR（X线）
600079,膝关节正侧位DR(右侧),膝关节正侧位DR（右侧）,DR（X线）
600080,肱骨正侧位DR(左侧),肱骨正侧位DR（左侧）,DR（X线）
600081,肘关节正侧位DR(右侧),肘关节正侧位DR（右侧）,DR（X线）
600082,足正侧位DR(右侧),足正侧位DR（右侧）,DR（X线）
600083,足正斜位DR(右侧),足正斜位DR（右侧）,DR（X线）
600084,单部位DR检查,,DR（X线）
600085,其他两部位DR检查,,DR（X线）
600087,颈椎张口位DR,,DR（X线）
600088,骶尾椎正侧位DR,,DR（X线）
600089,尺桡骨正侧位DR(右侧),尺桡骨正侧位DR（右侧）,DR（X线）
600090,肋骨正位DR,,DR（X线）
600091,头颅正侧位DR,,DR（X线）
600092,骶髂关节左右斜位DR,,DR（X线）
600093,腹部正侧卧位DR,,DR（X线）
600094,喉部正侧位DR,,DR（X线）
600095,下颌骨正侧位DR,,DR（X线）
600096,肋骨斜位DR,,DR（X线）
600097,泌尿系平片DR,,DR（X线）
600098,鼻咽部侧位DR,,DR（X线）
600099,鼻骨侧位DR,,DR（X线）
600100,甲状腺正位DR,,DR（X线）
600101,手正侧位DR(左侧),手正侧位DR（左侧）,DR（X线）
600102,腰椎左右斜位DR,,DR（X线）
600103,颈椎正侧左右斜位DR,,DR（X线）
600104,双手正位DR,,DR（X线）
600105,股骨正侧位DR(右侧),股骨正侧位DR（右侧）,DR（X线）
600106,锁骨后前位DR(左侧),锁骨后前位DR（左侧）,DR（X线）
600107,手正侧位DR(右侧),手正侧位DR（右侧）,DR（X线）
600108,胸部侧位DR,,DR（X线）
600109,骶髂关节正位DR,,DR（X线）
600110,心脏正位DR,,DR（X线）
600111,颈椎过伸过曲位DR,,DR（X线）
600112,股骨正侧位DR(左侧),股骨正侧位DR（左侧）,DR（X线）
600113,锁骨后前位DR(右侧),锁骨后前位DR（右侧）,DR（X线）
600114,尾椎侧位DR,,DR（X线）
600115,副鼻窦瓦氏位DR,,DR（X线）
600116,眼眶正侧位DR,,DR（X线）
600117,手指正侧位DR,,DR（X线）
655112,维生素B12(VitB12),H-维生素B12(VitB12),化验室
700002,糖化血红蛋白HbAlc,,化验室
700003,血沉(魏氏法),血沉（魏氏法）,化验室
700004,血脂四项,,化验室
700005,血脂全套(七项),,化验室
700006,食物不耐受特异性IgG抗体90项(W),,化验室
700007,电解质四项(CA/K/NA/CL),电解质四项（CA/K/NA/CL),化验室
700008,水溶性维生素B族检测(B1/2/3/5/9),水溶性维生素B族检测（B1/2/3/5/9）,化验室
700009,"人类白细胞分化抗原B27(HLA-B27)筛查,流式细胞术",,化验室
700010,"EB病毒(EB-DNA),定量,实时PCR法(W)","EB病毒(EB-DNA),定量,实时PCR法（W)",化验室
700011,血清钙,,化验室
700012,心脑血管风险8项,,化验室
700013,同型半胱氨酸(HCY),同型半胱氨酸（HCY）,化验室
700014,TM肿瘤标志物全项(男),TM肿瘤标志物全项（男),化验室
7000151,(停用)电解质六项,（停用）电解质六项,化验室
700016,TM肿瘤标志物全项(女),TM肿瘤标志物全项（女),化验室
700017,脂蛋白相关磷脂酶A2(LP-PLA2),脂蛋白相关磷脂酶A2（LP-PLA2),化验室
700018,N端B型利钠肽前体(NT-ProBNP)(荧光免疫层析法),N端B型利钠肽前体(NT-ProBNP)（荧光免疫层析法）,化验室
700019,"N端B型利钠肽前体(NT-ProBNP),电化学发光法",,化验室
700020,"人类白细胞分化抗原HLA-B27-DNA,PCR法(W)",,化验室
700021,糖化血清蛋白(GSP)果糖胺,糖化血清蛋白（GSP）果糖胺,化验室
700022,糖化白蛋白GA,,化验室
700023,心脑血管风险因子(心功九项),,化验室
700024,营养元素测试(VD+VB12+叶酸),,化验室
700025,病原学相关指标九项(甲乙丙肝与梅毒),病原学相关指标九项（甲乙丙肝与梅毒）,化验室
700026,术前八项(乙丙肝梅毒HIV),术前八项（乙丙肝梅毒HIV）,化验室
700027,病原学四项(甲丙肝与梅毒),病原学四项（甲丙肝与梅毒）,化验室
700028,乙肝五项(定性),,化验室
700030,胃蛋白酶测定,,化验室
700031,食物不耐受特异性IGG抗体14项(常见食物类),食物不耐受特异性IGG抗体14项（常见食物类）,化验室
700032,胃泌素G17(W),,化验室
700033,重金属检测-手掌,,重金属检测
700034,凝血功能五项检查(含比值),凝血功能五项检查（含比值）,化验室
700035,类风湿因子(RF),,化验室
700036,餐后血糖,,化验室
700037,人乳头瘤病毒(HPV)核酸检测(17+6),人乳头瘤病毒（HPV）核酸检测（17+6）,化验室
700038,超敏C反应蛋白(hs-CRP),,化验室
700039,餐后血脂七项,,化验室
700040,促肾上腺皮质激素(ACTH)电化学发光法(W),促肾上腺皮质激素（ACTH）电化学发光法(W),化验室
700041,梅毒螺旋体抗体(TP-Ab),梅毒螺旋体抗体（TP-Ab）,化验室
700042,网织红细胞计数,,化验室
700043,甲功三项(TSH/FT3/FT4),,化验室
700044,血清皮质醇(Cortisol),血清皮质醇（Cortisol）,化验室
700045,"D-二聚体定量(D-dimer),免疫比浊法",,化验室
700047,风湿三项(RF/ASO/CCP-Ab),风湿三项（RF/ASO/CCP-Ab),化验室
700048,(浙商套餐用)甲功三项(TSH/FT3/FT4),,化验室
700049,C肽+胰岛素(空腹),C肽+胰岛素（空腹）,化验室
700050,优生十项定量(含两定性)(TORCH),优生十项定量（含两定性）（TORCH）,化验室
700051,人附睾蛋白HE4(女性),人附睾蛋白HE4（女性）,化验室
700052,血清超敏促甲状腺激素(HTSH),血清超敏促甲状腺激素（HTSH）,化验室
700053,"性病三项(NG/CT/UU-DNA)核酸检测,定性",,化验室
700054,风湿两项(RF/ASO),,化验室
700055,抗缪勒管激素(AMH)(抗苗勒氏管激素),抗缪勒管激素（AMH）（抗苗勒氏管激素）,化验室
700056,凝血功能四项检查,,化验室
700057,心肌酶谱五项(心功五项),,化验室
700058,心功能八项,,化验室
700059,心肌酶四项,,化验室
700060,肿瘤四项(CEA/199/AFP/CY211),肿瘤四项（CEA/199/AFP/CY211),化验室
700061,便常规检测,,化验室
700062,胰岛素释放检测试验5次,,化验室
700063,肿瘤九项,,化验室
700064,食物不耐受特异性IgG抗体198项,,化验室
700065,肿瘤标志物全项(男性),肿瘤标志物全项（男性）,化验室
700066,肿瘤四项(AFP/CEA/125/724),肿瘤四项（AFP/CEA/125/724）,化验室
700067,生殖染色体-外周血染色体核型分析(W20个工作日),生殖染色体-外周血染色体核型分析（W20个工作日）,化验室
700068,甲肝2项(甲型肝炎病毒抗体HAV-IgG/IGM),,化验室
700069,"糖尿病自身抗体二项(ICA,IAA)(W)","糖尿病自身抗体二项（ICA,IAA）(W)",化验室
700070,便常规,,化验室
700071,胰岛素样生长因子(IGF-1),,化验室
700072,前列腺肿瘤标志物三项(TPSA/FREETPSA),,化验室
700073,心梗三项(BNP+Myo+TNT),心梗三项（BNP+Myo+TNT）,化验室
700074,胰腺肿瘤标志物六项(CEA/CA125/153/199/FER/AFP),胰腺肿瘤标志物六项（CEA/CA125/153/199/FER/AFP）,化验室
700075,肿瘤八项组合一,,化验室
700076,游离甲状腺素II(FT4),,化验室
700077,尿沉渣,,化验室
700078,"脂联素,酶联免疫法(EIA)",,化验室
700079,风湿四项(RF/ASO/CRP/CCPAB),风湿四项(RF/ASO/CRP/CCPAB）,化验室
700080,细菌性阴道病BV+白带常规检测,,化验室
700081,PCR新型冠状病毒核酸检测,,化验室
700082,免疫球蛋白E(IGE特定蛋白),,化验室
700083,超敏C反应蛋白(B),超敏C反应蛋白（B）,化验室
700084,免疫五项(IgG/IgM/IGA/C3/C4),免疫五项（IgG/IgM/IGA/C3/C4),化验室
700085,25-羟基维生素D,,化验室
700086,糖耐量实验75g糖,,化验室
700087,【基因】高血压个体化用药基因检测,,化验室
700088,血清电解质检查(K/Na/Cl/Ca),,化验室
700090,性激素八项(女性),性激素八项（女性）,化验室
700091,幽门螺旋杆菌抗体,,化验室
700092,血清胱抑素(Cystatin C)测定,,化验室
700093,新型冠状病毒(SARS-CoV-2)IgG/IgM抗体两项,,化验室
700094,肾功能检测(三项),肾功能检测(三项）,化验室
700095,激素八项(荷尔蒙配套),激素八项（荷尔蒙配套）,化验室
700096,白带常规,,化验室
700097,激素四项(P4/E2/FSH/LH),,化验室
700098,丙型肝炎病毒抗体IgG (HCV-Ab),丙型肝炎病毒抗体IgG （HCV-Ab）,化验室
700099,细菌性阴道病BV检测,,化验室
700100,"淋球菌(NG)DNA检测,定性","淋球菌（NG）DNA检测,定性",化验室
700101,"沙眼衣原体(CT)DNA检测,定性",,化验室
700102,乙肝五项/乙肝两对半(定量),乙肝五项/乙肝两对半（定量）,化验室
700103,尿HCG(人绒毛膜促性腺激素),,化验室
700104,"解脲支原体(UU)DNA检测,定性","解脲支原体（UU）DNA检测,定性",化验室
700105,贫血三项(铁蛋白+叶酸+VB12),贫血三项（铁蛋白+叶酸+VB12）,化验室
700106,叶酸+VB12,,化验室
700107,肿瘤标志物全项(女性),肿瘤标志物全项（女性）,化验室
700108,肿瘤五项组合二(CEA/FERR/AFP/NSE/199),肿瘤五项组合二(CEA/FERR/AFP/NSE/199）,化验室
700109,病原学七项(乙肝五项+甲丙肝IGM抗体),,化验室
700122,甲胎蛋白(AFP),,化验室
700123,糖类抗原CA125,,化验室
700124,糖类抗原CA153,,化验室
700132,血常规(五分类),血常规（五分类）,化验室
700133,血型鉴定,,化验室
700136,尿常规,,化验室
700139,肝功能十二项(含两比值),肝功能十二项（含两比值）,化验室
700140,肝功四项(ALP/AST/GGT/ALP),肝功四项（ALP/AST/GGT/ALP),化验室
700143,餐后3小时血糖,,化验室
700144,餐后2小时血糖,,化验室
700145,餐后1小时血糖,,化验室
700146,餐后半小时血糖,,化验室
700147,空腹血糖,,化验室
700148,空腹胰岛素,,化验室
700149,空腹C肽,,化验室
700150,C肽半小时,,化验室
700151,C肽1小时,,化验室
700152,C肽2小时,,化验室
700153,C肽3小时,,化验室
700154,胰岛素半小时,,化验室
700155,胰岛素1小时,,化验室
700156,胰岛素2小时,,化验室
700157,胰岛素3小时,,化验室
700158,血清铁蛋白,,化验室
700159,生长激素GH,,化验室
700160,总补体50,,化验室
700161,甲功五项(FT3/FT4/TSH/TPOAB/TG-Ab),,化验室
700162,性激素八项(男性),性激素八项（男性）,化验室
700163,乙型肝炎病毒HBV-DNA定量检测,,化验室
700164,丙型肝炎病毒RNA检测(W),,化验室
700165,尿微量白蛋白三项,,化验室
700166,血清醛固酮(ALD),血清醛固酮(ALD）,化验室
700167,全血垂体六项(HGH/FSH/LH/TSH/PRL/COR),,化验室
700168,"血浆甲氧基肾上腺素类物质(MN,NMN)(W)",,化验室
700169,废,,化验室
700170,GXB病原学四项(乙丙梅毒HIV),GXB病原学四项（乙丙梅毒HIV）,化验室
700171,废,,化验室
700172,精液常规分析,,化验室
700173,病原学十项(甲乙丙梅毒HIV),病原学十项（甲乙丙梅毒HIV）,化验室
700174,不孕不育抗体七项,,化验室
700175,"人绒毛膜促性腺激素(HCG),电化学发光法",,化验室
700176,自身免疫性肝病抗体八项,,化验室
700177,中枢神经特异蛋白S100β,,化验室
700178,免疫六项(IgE、IgA、IgG、IgM、C3、C4),免疫六项（IgE、IgA、IgG、IgM、C3、C4）,化验室
700179,乙型肝炎病毒HBV DNA高灵敏度定量检测(W),,化验室
700180,血清淀粉酶AMY(W),,化验室
700181,尿淀粉酶,,化验室
700182,血清脂肪酶(LIP)(W),血清脂肪酶（LIP）(W),化验室
700183,抗角蛋白抗体(AKA),,化验室
700184,胰岛素抗体  INS-Ab  (W),,化验室
700186,血清总三碘甲状腺原氨酸T3(TT3),血清总三碘甲状腺原氨酸T3（TT3）,化验室
700187,肝功能五项,,化验室
700188,血脂基因检测,,化验室
700189,肿瘤TM5-男(CEA/NSE/724/CYFR21/SCC),,化验室
700190,艾滋病毒抗体HIV-Ab 抗体,,化验室
700191,"EB病毒(EB-DNA),定性,实时荧光PCR(W)",,化验室
700192,β2-微球蛋白,,化验室
700193,癌胚抗原(CEA),,化验室
700194,"抗磷脂酶A2受体抗体(PLA2R)IgG,定量,ELISA法(W)","抗磷脂酶A2受体抗体(PLA2R)IgG,定量,ELISA法（W)",化验室
700195,总前列腺特异性抗原,,化验室
700196,雌二醇(E2),,化验室
700197,促黄体生成素(LH),,化验室
700198,促卵泡生成素 (FSH),,化验室
700199,甲功补充七项(CT/PTH/TG/TR-Ab/TBG/TT3/TT4),,化验室
700200,鳞状上皮细胞癌抗原(SCC),,化验室
700201,硫酸脱氢表雄酮DHEA-S,,化验室
700202,胃泌素释放肽前体(ProGRP),胃泌素释放肽前体（ProGRP),化验室
700203,肝功七项(加一比值),肝功七项(加一比值）,化验室
700204,肝炎八项(甲乙丙肝),肝炎八项（甲乙丙肝）,化验室
700205,肿瘤TM5-女(CEA/NSE/125/CYFR21/SCC),,化验室
700207,糖尿病筛查餐后2H(GLU/CP/INS),,化验室
700208,糖类抗原CA199,,化验室
700209,糖类抗原CA72-4,,化验室
700210,游离前列腺特异性抗原(男性),游离前列腺特异性抗原（男性）,化验室
700211,神经元特异性烯醇化酶(NSE),神经元特异性烯醇化酶（NSE）,化验室
700212,细胞角蛋白19片段(CYFRA21-1),,化验室
700213,丙型肝炎病毒HCV RNA高灵敏度定量检测(W),,化验室
700214,血清泌乳素(PRL),,化验室
700215,睾酮(T),,化验室
700216,孕酮(P),,化验室
700217,成人常用药物风险评估(W),成人常用药物风险评估（W）,化验室
700218,"降钙素(CT),电化学发光法(W)",,化验室
700219,全血微量元素六项(铜锌锰镁铁铅)(W),全血微量元素六项（铜锌锰镁铁铅）(W),化验室
700220,肝纤维化五项(HA/LN/IV-C/PIIINP/CG)(W),肝纤维化五项(HA/LN/IV-C/PIIINP/CG)（W),化验室
700221,抗环瓜氨酸肽抗体CCP,,化验室
700222,性激素结合球蛋白(SHBG),性激素结合球蛋白（SHBG）,化验室
700223,血糖C肽胰岛素空腹,,化验室
700224,结核杆菌抗体TB-Ab (W),,化验室
700225,结核杆菌(TB-DNA)定性(W),,化验室
700226,结核γ干扰素释放试验(W),,化验室
700227,结核分枝杆菌T-SPOT.TB检测(W),,化验室
700228,糖类抗原CA-50 (广谱),,化验室
700229,(停用)血清-重金属含量指标(汞砷铅镉等),（停用）血清-重金属含量指标（汞砷铅镉等）,化验室
700230,抗可提取性核抗原多肽抗体(抗ENA抗体八项),,化验室
700231,血尿酸(UA),血尿酸（UA）,化验室
700232,糖类抗原CA242,,化验室
700233,肿瘤五项组合一/肺肿标(CEA/NSE/CF21-1/SCC/AFP),,化验室
700234,胆碱酯酶(CHE),,化验室
700235,卵巢肿瘤标志物七项 (HE4/CEA/FERR/AFP/125/199/HCG),,化验室
700236,肿瘤三项(199/724/CEA),肿瘤三项（199/724/CEA）,化验室
700237,"抗核抗体(ANA),间接免疫荧光法(W)",,化验室
700238,"补体4(C4),免疫比浊法",,化验室
700239,"补体3(C3),免疫比浊法",,化验室
700240,(停用)常见肿瘤与慢病基因检测,（停用）常见肿瘤与慢病基因检测,化验室
700241,"硫酸去氢表酮(DHEA-SO4),电化学(W)","硫酸去氢表酮（DHEA-SO4）,电化学(W)",化验室
700242,"维生素B12(VitB12),化学发光法",,化验室
700243,"叶酸(FOL),化学发光法",,化验室
700244,"促红细胞生成素(EPO),化学发光法(W)","促红细胞生成素（EPO）,化学发光法（W)",化验室
700245,抗双链DNA(dsDNA),抗双链DNA（dsDNA）,化验室
700246,优生十项(TORCH-IgM/IgG)定性(W),优生十项（TORCH-IgM/IgG）定性（W),化验室
700247,免疫球蛋白A(IgA),免疫球蛋白A（IgA）,化验室
700248,免疫球蛋白G(IgG),免疫球蛋白G（IgG）,化验室
700249,免疫球蛋白M(IgM),免疫球蛋白M(IgM）,化验室
700250,糖尿病筛查餐后0.5H(GLU/CP/INS),,化验室
700251,糖尿病筛查餐后1H(GLU/CP/INS),,化验室
700252,糖尿病筛查餐后3H(GLU/CP/INS),,化验室
700253,"降钙素原(PCT),电化学发光法(W)",,化验室
700254,抗胃壁细胞抗体PCA-IgG (W),,化验室
700255,抗甲状腺球蛋白抗体(Anti-Tg),,化验室
700256,抗甲状腺过氧化物酶抗体TPO-Ab,,化验室
700257,(停)超敏甲状腺球蛋白  TG,（停）超敏甲状腺球蛋白  TG,化验室
700258,促甲状腺素受体抗体  TRAb,,化验室
700259,甲状腺结合球蛋白  TBG  (W),,化验室
700260,肌红蛋白  Myo,,化验室
700261,高敏心肌钙蛋白T  Hs-cTnT,,化验室
700262,脂蛋白(α)  LP(α)  (W),脂蛋白（α）  LP(α)  (W),化验室
700263,重症肌无力诊断四项,,化验室
700264,C肽+胰岛素释放实验5次,,化验室
700265,心肌酶六项一,,化验室
700266,高血压四项(ARR/ALD/AngelII/Ren/ACTH)(W),高血压四项（ARR/ALD/AngelII/Ren/ACTH)(W),化验室
700267,食物不耐受IgG 14项,,化验室
700270,过敏原吸入-食物组定量豪华16项(W2工作日),过敏原吸入-食物组定量豪华16项（W2工作日）,化验室
700272,过敏原吸入-食物组(14HOB39子项),过敏原吸入-食物组（14HOB39子项）,化验室
700273,NAD+抗衰老检测,,化验室
700274,1009NAD水平分析(干血片),1009NAD水平分析（干血片）,化验室
700300,遗传性肿瘤与慢病基因检测套餐DX1351(男),遗传性肿瘤与慢病基因检测套餐DX1351（男）,化验室
700301,遗传性肿瘤与慢病基因检测套餐DX1352(女),遗传性肿瘤与慢病基因检测套餐DX1352（女）,化验室
700303,肝脏肿瘤标志物4项(CA199/AFP/CEA/Fer),,化验室
700304,脂蛋白四项,,化验室
700305,痰培养+药敏,,化验室
700306,二氧化碳结合力,,化验室
700307,铜蓝蛋白CER,,化验室
700308,转铁蛋白TRF,,化验室
700309,外周血B细胞NK细胞计数(W),,化验室
700310,外周血T细胞绝对计数检测 (包括CD3/CD4/CD8)(W),,化验室
700311,内镜活检(W),,化验室
700312,废,,化验室
700313,血清铁(Fe),,化验室
700314,端粒酶检测(W),端粒酶检测（W）,化验室
700315,DH2 高危HPV DNA检测14种定量比值(W),DH2 高危HPV DNA检测14种定量比值（W）,化验室
700316,TH1TH2相关细胞因子检测(六项),TH1TH2相关细胞因子检测（六项）,化验室
700317,外周血T/NK/B淋巴细胞计数检测(W),外周血T/NK/B淋巴细胞计数检测（W）,化验室
700318,甲状腺素(TT4),,化验室
700319,血流变(W),,化验室
700320,病理免疫组化(1-2项),病理免疫组化（1-2项）,化验室
700321,病理免疫组化(3-7项),病理免疫组化（3-7项）,化验室
700322,病理免疫组化(8-15项),病理免疫组化（8-15项）,化验室
700323,病理免疫组化(15项以上),病理免疫组化（15项以上）,化验室
700324,便潜血定量检测,,化验室
700325,CRO全血维生素B6,,化验室
700326,胃蛋白酶三项,,化验室
700327,C肽胰岛素与抗体,,化验室
700328,高危型HPV E6 E7 mRNA(w),,化验室
700329,巨细胞病毒IgG抗体(CMV-IgG)定性,,化验室
700400,"大便培养(沙门、志贺)+药敏,细菌培养法","大便培养（沙门、志贺）+药敏,细菌培养法",化验室
700401,轮状病毒ABC组RNA核酸定性检测,,化验室
700402,诺如病毒ⅠⅡ型RNA核酸定性检测,,化验室
700403,血清硒,,化验室
700404,尿碘,,化验室
700405,葡萄糖-6-磷酸脱氢酶缺陷筛查(G-6-PD),葡萄糖-6-磷酸脱氢酶缺陷筛查（G-6-PD）,化验室
700406,睡眠障碍评估套餐,,化验室
700407,"戊型肝炎病毒抗体两项,ELISA法",,化验室
700408,尿常规(备),尿常规（备）,化验室
700409,尿微量白蛋白三项B,,化验室
700410,肿瘤八项组合二,,化验室
700411,"巨细胞病毒IgM抗体(CMV-IgM),定性",,化验室
700412,1073全套有机酸代谢分析(尿液HC*),1073全套有机酸代谢分析（尿液HC*）,化验室
700413,16S肠道菌群宏基因组检测(便),16S肠道菌群宏基因组检测（便）,化验室
700414,1170情绪荷尔蒙评估/情绪激素健康分析(尿液*),1170情绪荷尔蒙评估/情绪激素健康分析（尿液*）,化验室
700415,1154肾上腺皮质荷尔蒙分析(血液),1154肾上腺皮质荷尔蒙分析（血液）,化验室
700416,血清全套荷尔蒙健康分析,,化验室
700417,眼科手术病原学十项,,化验室
700418,抗核周因子(APF),,化验室
700419,脂溶性维生素群(A/E/K1/D2/D3/VD),,化验室
700420,血磷(P),血磷（P）,化验室
700421,雌激素三项,,化验室
700422,激素六项(PRL/E2/P/T/LH/FSH),,化验室
700423,激素五项(E2/P/T/LH/FSH),,化验室
700424,TNF-α肿瘤坏死因子,,化验室
700425,全血铜(CU),,化验室
700426,血镁(Mg),血镁（Mg）,化验室
700427,抗磷脂综合征14项,,化验室
700428,前列腺液常规分析(W),前列腺液常规分析（W),化验室
700429,大细胞肺癌肿瘤标志物三项(CEA/CA125/CF21-1),大细胞肺癌肿瘤标志物三项（CEA/CA125/CF21-1),化验室
700430,小细胞肺癌肿瘤标志物四项(CEA/NSE/CA50/ACTH),小细胞肺癌肿瘤标志物四项（CEA/NSE/CA50/ACTH）,化验室
700431,恶性肿瘤特异生长因子  TSGF  (W),,化验室
700432,"甲状旁腺激素(PTH),电化学发光法(W)",,化验室
700433,"骨钙素(OST),电化学发光法(W)",,化验室
700434,肺炎四项支原体衣原体(MP-IgG/IGM/CP-IgG/IGM),,化验室
700435,呼吸道病原抗体5项,,化验室
700436,血管炎五项,,化验室
700437,"柯萨奇病毒抗体二项(CSV-IgM,IgG)(W)","柯萨奇病毒抗体二项（CSV-IgM,IgG）(W)",化验室
700438,抗磷脂综合征六项(ACA、β2-GPI-igMAG)定量(W),抗磷脂综合征六项（ACA、β2-GPI-igMAG)定量（W),化验室
700439,"胰岛素样生长因子结合蛋白-3(IGFBP-3),化学发光法(W)",,化验室
700440,外周血B细胞绝对计数(W),,化验室
700441,外周血NK细胞绝对计数(W),,化验室
700442,TH1/TH2/TH17相关细胞因子14项,,化验室
700443,Th1，Th2，Th17，Tc1，Tc2百分含量及绝对计数检测,,化验室
700444,儿童常用药物风险评估(W),儿童常用药物风险评估（W）,化验室
700445,地中海贫血基因检测,,化验室
700446,B细胞组套检测(CD5/19/20/21/22/24+)(W),,化验室
700447,EB病毒 传单抗体四项(W),EB病毒 传单抗体四项（W）,化验室
700448,巨细胞病毒(CMV-DNA)定量(W),巨细胞病毒（CMV-DNA）定量（W),化验室
700449,巨细胞病毒IgG抗体定量(CMV-IgG)电化学发光法(W),巨细胞病毒IgG抗体定量（CMV-IgG）电化学发光法(W),化验室
700450,巨细胞病毒IgM抗体定量(CMV-IgM)电化学发光法(W),巨细胞病毒IgM抗体定量（CMV-IgM）电化学发光法(W),化验室
700451,巨细胞病毒CMV抗体两项(定量)(W),巨细胞病毒CMV抗体两项（定量）(W),化验室
700452,抗中性粒细胞胞浆抗体,,化验室
700453,心脑血管风险六项,,化验室
700454,髓过氧化物酶,,化验室
700455,抗髓过氧化物酶抗体定量,,化验室
700456,肺癌自身抗体七项,,化验室
700457,肌酸激酶同功酶,,化验室
700458,肌酸激酶,,化验室
700459,血管内皮生长因子VEGF,,化验室
700460,膀胱癌细胞染色体及基因检测,,化验室
700461,胃幽门螺旋杆菌耐药基因检测,,化验室
700462,DX1771粪便DNA肠癌甲基化早筛,,化验室
700463,DX0512遗传性乳腺癌与卵巢癌基因检测,,化验室
700464,DX0529遗传性结直肠癌基因检测,,化验室
700465,DX0519遗传性前列腺癌基因检测,,化验室
700466,DX0530遗传性胰腺癌基因检测,,化验室
700467,cfDNA 浓度定量检测,,化验室
700468,糖龄抗衰老检测,,化验室
700469,阿尔茨海默病六项(血浆),阿尔茨海默病六项（血浆）,化验室
700470,他汀类药物代谢基因多态性检测,,化验室
700471,总铁结合力,,化验室
700472,抗内皮细胞抗体,,化验室
700473,心脑血管疾病药物40基因检测,,化验室
700474,遗传性肿瘤基因全面筛查～乳腺癌风险,,化验室
700475,snp 单核苷酸多态性检查,,化验室
700476,唾液肾上腺压力分析,,化验室
700477,过敏原特异性IgE抗体检测109项(吸入+食物),过敏原特异性IgE抗体检测109项（吸入+食物）,化验室
700478,白介素8(IL-8),,化验室
700479,白介素6(IL-6),,化验室
700480,DX0529胃肠道肿瘤基因检测(项目金专用),DX0529胃肠道肿瘤基因检测（项目金专用）,化验室
700481,T细胞受体检测评分/高通量免疫组库基因检测(TCR),,化验室
700482,1066雌激素代谢分析评估(尿液*),1066雌激素代谢分析评估（尿液*）,化验室
700483,0816压力及抗压平衡分析(唾液),0816压力及抗压平衡分析（唾液）,化验室
700484,1055环境荷尔蒙分析(尿液*),1055环境荷尔蒙分析（尿液*）,化验室
700485,APOE阿尔兹海默基因检测,,化验室
700486,(不用)肿瘤五项(CEA/AFP/CA125/NSE/XXXNEW1),(不用）肿瘤五项（CEA/AFP/CA125/NSE/XXXNEW1）,化验室
700487,泛癌风险评估检查,,化验室
700488,废弃 停用,,化验室
700489,免疫球蛋白G4,,化验室
700490,尿钙,,化验室
700491,呼吸道多种病原体靶向测序107项检测,,化验室
700492,呼吸道多种病原体靶向测序225项检测,,化验室
700493,肌肤基因检测,,化验室
700494,叶酸及营养素19基因检测,,化验室
700495,27种元素质谱检测分析,,化验室
700496,心血管风险评估质谱检测,,化验室
700497,睡眠障碍及抑郁神经递质分析,,化验室
700498,脂溶性维生素及维生素K2检测,,化验室
700499,NAD+及抗衰因子分析,,化验室
700500,NK细胞活性检测(W),,化验室
800001,青-同型半胱氨酸,,化验室
800002,青-病原学八项-定性,,化验室
800003,青-病原学八项乙5甲2丙1-定量,,化验室
800004,青-抗缪勒管激素AMH,,化验室
800005,青-电解质四项CA/K/NA/CL,,化验室
800006,青-TCT超薄液基细胞学检测,,化验室
800007,青-细胞角蛋白片段CYFRA211,,化验室
800008,青-鳞状上皮细胞癌抗原SCC,,化验室
800009,青-癌胚抗原CEA,,化验室
800010,青-甲胎蛋白AFP,,化验室
800011,青-肿瘤标志物CA125/CA153/HE4,,化验室
800012,青-肿瘤8项,,化验室
800013,青-超敏C反应蛋白hs-CRP,,化验室
800014,青-心肌酶四项,,化验室
800015,青-25-羟基维生素D,,化验室
800016,青-食物不耐受90项,,化验室
800017,青-人绒毛膜促性腺激素(β-HCG),,化验室
800018,青-传染病八项甲乙丙肝,,化验室
800019,青-生长激素HGH,,化验室
800020,青-血脂七项,,化验室
800021,青-乙型肝炎病毒HBVDNA,,化验室
800022,青-脂蛋白相关磷脂酶A2,,化验室
800023,青-N端B型利钠肽前体NT-ProBNP,,化验室
800024,青-前列腺肿瘤标志物三项,,化验室
800025,青-前列腺液常规分析,,化验室
800026,青-TH1TH2相关细胞因子检测,,化验室
800027,青-端粒酶检测,,化验室
800028,青-血清铁,,化验室
800029,青-血清铁蛋白,,化验室
800030,"青-沙眼衣原体(CT)DNA检测,定性",,化验室
800031,青-尿HCG人绒毛膜促性腺激素,,化验室
800032,青-解脲支原体(UU)DNA检测,青-解脲支原体（UU）DNA检测,化验室
800033,青-病原学十项-甲乙丙肝梅毒HIV-定量,,化验室
800034,青-人乳头瘤病毒HPV核酸检测23项,,化验室
800035,青-细菌性阴道病BV含白带常规,,化验室
800036,青-女性激素八项,,化验室
800037,青-女性肿瘤标志物14项,,化验室
800038,青-尿常规,,化验室
800039,青-血型鉴定,,化验室
800040,青-血脂四项,,化验室
800041,青-心脑血管风险因子,,化验室
800042,青-胃蛋白酶测定,,化验室
800043,青-肝功能十二项,,化验室
800044,青-肾功能三项,,化验室
800045,青-血清离子检查,,化验室
800046,青-空腹血糖,,化验室
800047,青-乙肝五项定性,,化验室
800048,青-凝血功能五项检查,,化验室
800049,青-食物不耐受IGg14项,,化验室
800050,青-甲功五项,,化验室
800051,青-营养元素测试,,化验室
800052,青-男性肿瘤标志物14项,,化验室
800053,青-风湿三项,,化验室
800054,青-乙肝五项定量测定,,化验室
800055,青-免疫球蛋白IgE,,化验室
800056,青-男性激素八项,,化验室
800057,青-血常规五分类,,化验室
800058,青-糖化血红蛋白,,化验室
800059,青-常见肿瘤与慢病基因检测,,化验室
800060,青-病原学四项-定性,,化验室
800061,青-DH2高危HPVDNA检测14种定量,,化验室
800062,青-人乳头瘤病毒HPV核酸检测14项,,化验室
800063,青-全血垂体七项,,化验室
800064,青-小细胞肺癌肿瘤标志物四项,,化验室
800065,青-糖尿病筛查套餐空腹,,化验室
800066,青-糖尿病筛查套餐餐后半小时,,化验室
800067,青-糖尿病筛查套餐餐后1小时,,化验室
800068,青-糖尿病筛查套餐餐后2小时,,化验室
800069,青-糖尿病筛查套餐餐后3小时,,化验室
800070,青-过敏原吸入-食物组19项,,化验室
800071,青-过敏原吸入-食物组28项,,化验室
800072,青-幽门螺旋杆菌抗体,,化验室
800073,青-甲功七项,,化验室
800074,青-甲状旁腺激素(PTH),,化验室
800075,青-血磷,,化验室
800076,青-血镁,,化验室
800077,青-电解质六项,,化验室
800078,青-胃癌肿标三项,,化验室
800079,青-梅毒快速血浆反应素,,化验室
800080,青-梅毒螺旋体抗体(TP-Ab),青-梅毒螺旋体抗体（TP-Ab）,化验室
800081,青-梅毒确诊试验TPPA,,化验室
800082,青-雌二醇,,化验室
800083,青-孕酮(P),,化验室
800084,青-硫酸脱氢表雄酮DHEA-S,,化验室
900001,青-双侧颈动脉超声,,彩超室
900002,青-双侧椎动脉超声,,彩超室
900003,青-腹部(肝胆胰脾双肾)超声,青-腹部（肝胆胰脾双肾）超声,彩超室
900004,青-前列腺经腹部超声检查,,彩超室
900005,青-甲状腺超声,,彩超室
900006,青-心脏超声,,彩超室
900007,青-盆腔超声检查(经腹或经阴),,彩超室
900008,青-单部位超声检查,,彩超室
900009,青-双侧乳腺超声,,彩超室
900010,青-双肾输尿管膀胱超声检查,,彩超室
900011,青-上腹(肝胆胰脾)超声检查,,彩超室
900050,青-心电图检查,,心电室
900051,青-重金属检测-手掌表皮检测,,重金属检测
900052,青-常规检查,,一般检查
900053,青-内科检查,,内科
900054,青-妇科一般检查,,妇科
951001,双肺低剂量CT平扫,H-双肺低剂量CT平扫,CT室
951002,乳腺钼靶,H-乳腺钼靶,MG乳腺钼靶
951003,乳腺ABUS全容积检查,H-乳腺ABUS全容积检查,MG乳腺钼靶
951005,冠脉钙化积分检查,H-冠脉钙化积分检查,CT室
951006,腰椎CT平扫,H-腰椎CT平扫,CT室
951007,废,,CT室
951008,胸部正侧位DR,H-胸部正侧位DR,DR（X线）
951009,内听道CT平扫+三维重建,H-内听道CT平扫+三维重建,CT室
951010,右踝关节CT平扫,H-右踝关节CT平扫,CT室
951011,其它部位CT平扫,H-其它部位CT平扫,CT室
951012,右肩关节CT平扫,H-右肩关节CT平扫,CT室
951013,其它部位CT增强,H-其它部位CT增强,CT室
951014,骶尾椎CT平扫,H-骶尾椎CT平扫,CT室
951015,肺部CT灌注成像,H-肺部CT灌注成像,CT室
951016,肺动脉CTA,H-肺动脉CTA,CT室
951017,冠脉CTA+心肌灌注成像,H-冠脉CTA+心肌灌注成像,CT室
951018,冠状动脉CTA,H-冠状动脉CTA,CT室
951019,冠状动脉胸主动脉CTA血管造影,H-冠状动脉胸主动脉CTA血管造影,CT室
951020,颌面部CT平扫,H-颌面部CT平扫,CT室
951021,颌面部CT平扫+增强,H-颌面部CT平扫+增强,CT室
951022,颌面部CT增强,H-颌面部CT增强,CT室
951023,颈部CT平扫,H-颈部CT平扫,CT室
951024,颈部CT平扫+增强,H-颈部CT平扫+增强,CT室
951025,颈部CT增强,H-颈部CT增强,CT室
951026,颈动脉CTA,H-颈动脉CTA,CT室
951027,喉部CT平扫,H-喉部CT平扫,CT室
951028,喉部CT平扫+增强,H-喉部CT平扫+增强,CT室
951029,喉部CT增强,H-喉部CT增强,CT室
951030,颈椎CT平扫,H-颈椎CT平扫,CT室
951031,双髋关节CT平扫,H-双髋关节CT平扫,CT室
951032,肋骨CT三维重建,H-肋骨CT三维重建,CT室
951033,颅内动脉CTA,H-颅内动脉CTA,CT室
951034,泌尿系CT平扫,H-泌尿系CT平扫,CT室
951035,脑CT灌注成像,H-脑CT灌注成像,CT室
951036,颞骨CT平扫,H-颞骨CT平扫,CT室
951037,盆腔CT平扫,H-盆腔CT平扫,CT室
951038,盆腔CT平扫+增强,H-盆腔CT平扫+增强,CT室
951039,盆腔CT增强,H-盆腔CT增强,CT室
951040,其他部位CT(增强),H-其他部位CT（增强）,CT室
951041,其他部位CTA,H-其他部位CTA,CT室
951042,其他部位CT平扫,H-其他部位CT平扫,CT室
951043,全腹部(肝胆胰脾肾盆腔)CT平扫,H-全腹部（肝胆胰脾肾盆腔）CT平扫,CT室
951044,全腹部(肝胆胰脾肾盆腔)CT平扫+增强,H-全腹部（肝胆胰脾肾盆腔）CT平扫+增强,CT室
951045,全身CT平扫,H-全身CT平扫,CT室
951046,上腹部(肝胆胰脾肾)CT平扫,H-上腹部(肝胆胰脾肾）CT平扫,CT室
951047,上腹部(肝胆胰脾肾)CT平扫+增强,H-上腹部(肝胆胰脾肾）CT平扫+增强,CT室
951048,上腹部(肝胆胰脾肾)CT增强,H-上腹部(肝胆胰脾肾）CT增强,CT室
951049,左上肢动脉CTA,H-左上肢动脉CTA,CT室
951050,双肾上腺CT平扫,H-双肾上腺CT平扫,CT室
951051,双肾上腺CT平扫+增强,H-双肾上腺CT平扫+增强,CT室
951052,双下肢动脉CTA,H-双下肢动脉CTA,CT室
951053,头颅CT平扫,H-头颅CT平扫,CT室
951054,头颅CT平扫+增强,H-头颅CT平扫+增强,CT室
951055,头颅CT增强,H-头颅CT增强,CT室
951056,右腕关节CT平扫,H-右腕关节CT平扫,CT室
951057,心肌灌注CT成像,H-心肌灌注CT成像,CT室
951058,胸部CT平扫,H-胸部CT平扫,CT室
951059,胸部CT平扫+增强,H-胸部CT平扫+增强,CT室
951060,胸部CT增强,H-胸部CT增强,CT室
951061,胸痛三联(肺动脉+主动脉+冠状动脉),H-胸痛三联（肺动脉+主动脉+冠状动脉）,CT室
951062,胸椎CT平扫,H-胸椎CT平扫,CT室
951063,眼眶CT平扫,H-眼眶CT平扫,CT室
951064,头颈动脉CTA,H-头颈动脉CTA,CT室
951065,右膝关节CT平扫,H-右膝关节CT平扫,CT室
951066,右肘关节CT平扫,H-右肘关节CT平扫,CT室
951067,主动脉CTA,H-主动脉CTA,CT室
951068,椎动脉CTA,H-椎动脉CTA,CT室
951069,左踝关节CT平扫,H-左踝关节CT平扫,CT室
951070,左膝关节CT平扫,H-左膝关节CT平扫,CT室
951071,胸椎CT平扫+三维重建,H-胸椎CT平扫+三维重建,CT室
951072,全身血管CTA(全身血管评价),H-全身血管CTA（全身血管评价）,CT室
951073,头颈部CTA与冠脉CTA联合检查,H-头颈部CTA与冠脉CTA联合检查,CT室
951074,冠脉CTA+风险评估,H-冠脉CTA+风险评估,CT室
951075,冠脉风险评估(不含冠脉CTA平扫),H-冠脉风险评估（不含冠脉CTA平扫）,CT室
951076,右肩关节CT平扫+三维重建,H-右肩关节CT平扫+三维重建,CT室
951077,双肾CT平扫,H-双肾CT平扫,CT室
951078,左腕关节CT平扫+三维重建,H-左腕关节CT平扫+三维重建,CT室
951079,骶髂关节CT平扫,H-骶髂关节CT平扫,CT室
951080,左腕关节CT平扫,H-左腕关节CT平扫,CT室
951081,甲状腺CT平扫,H-甲状腺CT平扫,CT室
951082,左肘关节CT平扫,H-左肘关节CT平扫,CT室
951083,鼻咽部CT平扫,H-鼻咽部CT平扫,CT室
951084,双足CT平扫,H-双足CT平扫,CT室
951085,副鼻窦CT平扫,H-副鼻窦CT平扫,CT室
951086,左肩关节CT平扫,H-左肩关节CT平扫,CT室
951087,双手CT平扫,H-双手CT平扫,CT室
951088,腰椎椎间盘CT平扫,H-腰椎椎间盘CT平扫,CT室
951089,颈椎椎间盘CT平扫,H-颈椎椎间盘CT平扫,CT室
951090,双肾上腺CT增强,H-双肾上腺CT增强,CT室
951091,眼眶CT增强,H-眼眶CT增强,CT室
951092,副鼻窦CT增强,H-副鼻窦CT增强,CT室
951093,双肾CT增强,H-双肾CT增强,CT室
951094,鼻咽部CT增强,H-鼻咽部CT增强,CT室
951095,甲状腺CT增强,H-甲状腺CT增强,CT室
951096,泌尿系CT增强,H-泌尿系CT增强,CT室
951097,眼眶CT平扫+三维重建,H-眼眶CT平扫+三维重建,CT室
951098,右肘关节CT平扫+三维重建,H-右肘关节CT平扫+三维重建,CT室
951099,左肘关节CT平扫+三维重建,H-左肘关节CT平扫+三维重建,CT室
951100,双肾CT平扫+增强,H-双肾CT平扫+增强,CT室
951101,颈椎CT平扫+三维重建,H-颈椎CT平扫+三维重建,CT室
951102,左踝关节CT平扫+三维重建,H-左踝关节CT平扫+三维重建,CT室
951103,右膝关节CT平扫+三维重建,H-右膝关节CT平扫+三维重建,CT室
951104,甲状腺CT平扫+增强,H-甲状腺CT平扫+增强,CT室
951105,右腕关节CT平扫+三维重建,H-右腕关节CT平扫+三维重建,CT室
951106,左膝关节CT平扫+三维重建,H-左膝关节CT平扫+三维重建,CT室
951107,泌尿系CT平扫+增强,H-泌尿系CT平扫+增强,CT室
951108,眼眶CT平扫+增强,H-眼眶CT平扫+增强,CT室
951109,左肩关节CT平扫+三维重建,H-左肩关节CT平扫+三维重建,CT室
951110,右踝关节CT平扫+三维重建,H-右踝关节CT平扫+三维重建,CT室
951111,双足CT平扫+三维重建,H-双足CT平扫+三维重建,CT室
951112,骶髂关节CT平扫+三维重建,H-骶髂关节CT平扫+三维重建,CT室
951113,双手CT平扫+三维重建,H-双手CT平扫+三维重建,CT室
951114,腰椎CT平扫+三维重建,H-腰椎CT平扫+三维重建,CT室
951115,双髋关节CT平扫+三维重建,H-双髋关节CT平扫+三维重建,CT室
951116,右上肢动脉CTA,H-右上肢动脉CTA,CT室
951117,骶尾椎CT平扫+三维重建,H-骶尾椎CT平扫+三维重建,CT室
951118,鼻咽部CT平扫+增强,H-鼻咽部CT平扫+增强,CT室
951119,副鼻窦CT平扫+增强,H-副鼻窦CT平扫+增强,CT室
951120,CT小肠造影,H-CT小肠造影,CT室
951121,CT结肠造影,H-CT结肠造影,CT室
951122,COPD慢阻肺风险评估,H-COPD慢阻肺风险评估,CT室
951123,螺旋乳腺 CT,H-螺旋乳腺 CT,CT室
952001,腹部肝胆胰脾双肾超声,H-腹部肝胆胰脾双肾超声,彩超室
952002,甲状腺超声,H-甲状腺超声,彩超室
952003,颈动脉双侧超声,H-颈动脉双侧超声,彩超室
952004,盆腔彩超-经腹,H-盆腔彩超-经腹,彩超室
952005,盆腔超声(经腹或经阴),H-盆腔超声(经腹或经阴),彩超室
952006,前列腺经腹超声检查,H-前列腺经腹超声检查,彩超室
952007,双侧乳腺超声检查,H-双侧乳腺超声检查,彩超室
952008,心脏超声检查,H-心脏超声检查,彩超室
952009,椎动脉双侧超声,H-椎动脉双侧超声,彩超室
952010,双肾输尿管膀胱超声检查,H-双肾输尿管膀胱超声检查,彩超室
952011,单部位超声检查,H-单部位超声检查,彩超室
952012,单部位超声项目,H-单部位超声项目,彩超室
952013,其他部位包块 超声检查,H-其他部位包块 超声检查,彩超室
952014,其他部位超声,H-其他部位超声,彩超室
952015,输尿管+膀胱 超声检查,H-输尿管+膀胱 超声检查,彩超室
952016,锁骨下动脉超声检查,H-锁骨下动脉超声检查,彩超室
952017,下肢动静脉(单侧)超声检查,H-下肢动静脉（单侧）超声检查,彩超室
952018,下肢动静脉(双侧)血管超声检查,H-下肢动静脉（双侧）血管超声检查,彩超室
952019,(专用)超声3部位检查一次,H-（专用）超声3部位检查一次,彩超室
952020,(专用)超声4部位检查一次,H-（专用）超声4部位检查一次,彩超室
952021,(专用)超声5部位检查一次,H-（专用）超声5部位检查一次,彩超室
952022,(专用)超声6部位检查一次,H-（专用）超声6部位检查一次,彩超室
952023,残余尿 超声检查,H-残余尿 超声检查,彩超室
952024,超声引导穿刺,H-超声引导穿刺,彩超室
952025,单侧腋下包块 超声检查,H-单侧腋下包块 超声检查,彩超室
952026,复查超声项目,H-复查超声项目,彩超室
952027,副乳(双侧)超声检查,H-副乳（双侧）超声检查,彩超室
952028,腹部体表包块超声检查,H-腹部体表包块超声检查,彩超室
952029,腹股沟包块超声检查,H-腹股沟包块超声检查,彩超室
952030,腹股沟淋巴结 超声检查,H-腹股沟淋巴结 超声检查,彩超室
952031,腹膜后淋巴结超声检查,H-腹膜后淋巴结超声检查,彩超室
952032,腹腔(腹水)超声检查,H-腹腔（腹水）超声检查,彩超室
952033,腹腔淋巴结 超声检查,H-腹腔淋巴结 超声检查,彩超室
952034,腹主动脉 超声检查,H-腹主动脉 超声检查,彩超室
952035,肛周脓肿超声检查,H-肛周脓肿超声检查,彩超室
952036,颌下淋巴结超声检查,H-颌下淋巴结超声检查,彩超室
952037,颌下腺(单侧)超声检查,H-颌下腺（单侧）超声检查,彩超室
952038,颌下腺(双侧)超声检查,H-颌下腺（双侧）超声检查,彩超室
952039,肌骨超声,H-肌骨超声,彩超室
952040,甲状旁腺(单侧)超声检查,H-甲状旁腺（单侧）超声检查,彩超室
952041,甲状旁腺(双侧)超声检查,H-甲状旁腺（双侧）超声检查,彩超室
952042,甲状软骨超声检查,H-甲状软骨超声检查,彩超室
952043,甲状腺/心脏/双侧颈动脉椎动脉超声,H-甲状腺/心脏/双侧颈动脉椎动脉超声,彩超室
952044,甲状腺穿刺一部位,H-甲状腺穿刺一部位,彩超室
952045,甲状腺消融一部位,H-甲状腺消融一部位,彩超室
952046,颈部淋巴结(单侧)超声检查,H-颈部淋巴结（单侧）超声检查,彩超室
952047,颈部淋巴结(双侧)超声检查,H-颈部淋巴结（双侧）超声检查,彩超室
952048,颈部淋巴结超声检查,H-颈部淋巴结超声检查,彩超室
952049,颈部体表包块超声检查,H-颈部体表包块超声检查,彩超室
952050,颈部血管(单侧)超声检查,H-颈部血管（单侧)超声检查,彩超室
952051,颈部血管(双侧)超声检查,H-颈部血管（双侧）超声检查,彩超室
952052,颈侧淋巴结(单侧)超声检查,H-颈侧淋巴结（单侧）超声检查,彩超室
952053,颈侧淋巴结(双侧)超声检查,H-颈侧淋巴结（双侧）超声检查,彩超室
952054,颈动脉超声(单侧),H-颈动脉超声（单侧）,彩超室
952055,膀胱超声检查,H-膀胱超声检查,彩超室
952056,膀胱+前列腺超声检查,H-膀胱+前列腺超声检查,彩超室
952057,盆腔彩超-经阴,H-盆腔彩超-经阴,彩超室
952058,髂动脉(双侧)超声检查,H-髂动脉（双侧）超声检查,彩超室
952059,前列腺经直肠超声检查,H-前列腺经直肠超声检查,彩超室
952060,前列腺经腹超声检查(F),H-前列腺经腹超声检查（F）,彩超室
952061,乳腺(单侧)超声检查,H-乳腺（单侧）超声检查,彩超室
952062,乳腺全容积超声检查,H-乳腺全容积超声检查,彩超室
952063,腮腺超声检查,H-腮腺超声检查,彩超室
952064,上腹(肝胆胰脾)超声检查,H-上腹(肝胆胰脾)超声检查,彩超室
952065,上肢动、静脉(单侧)超声检查,H-上肢动、静脉（单侧）超声检查,彩超室
952066,上肢动、静脉(双侧)血管超声检查,H-上肢动、静脉（双侧）血管超声检查,彩超室
952067,上肢动脉(单侧)超声检查,H-上肢动脉（单侧）超声检查,彩超室
952068,上肢动脉(双侧)血管超声检查,H-上肢动脉（双侧）血管超声检查,彩超室
952069,上肢静脉(单侧)超声检查,H-上肢静脉（单侧）超声检查,彩超室
952070,上肢静脉(双侧)血管超声检查,H-上肢静脉（双侧）血管超声检查,彩超室
952071,肾动脉超声检查,H-肾动脉超声检查,彩超室
952072,肾静脉超声检查,H-肾静脉超声检查,彩超室
952073,肾上腺(双侧)超声检查,H-肾上腺（双侧）超声检查,彩超室
952074,双肾+输尿管+膀胱+前列腺超声检查,H-双肾+输尿管+膀胱+前列腺超声检查,彩超室
952075,双肾+双侧输尿管超声检查,H-双肾+双侧输尿管超声检查,彩超室
952076,双肾超声检查,H-双肾超声检查,彩超室
952077,四维彩超,H-四维彩超,彩超室
952078,锁骨上窝淋巴结(单侧)超声检查,H-锁骨上窝淋巴结（单侧）超声检查,彩超室
952079,锁骨上窝淋巴结(双侧)超声,H-锁骨上窝淋巴结（双侧）超声,彩超室
952080,下腔静脉超声检查,H-下腔静脉超声检查,彩超室
952081,下肢动脉(单侧)超声检查,H-下肢动脉（单侧）超声检查,彩超室
952082,下肢动脉(双侧)血管超声检查,H-下肢动脉（双侧）血管超声检查,彩超室
952083,下肢静脉(单侧)超声检查,H-下肢静脉（单侧）超声检查,彩超室
952084,下肢静脉(双侧)血管超声检查,H-下肢静脉（双侧）血管超声检查,彩超室
952085,心包超声检查,H-心包超声检查,彩超室
952086,心包腔超声检查,H-心包腔超声检查,彩超室
952087,胸部体表包块超声检查,H-胸部体表包块超声检查,彩超室
952088,胸腔(单侧)超声检查,H-胸腔（单侧）超声检查,彩超室
952089,胸腔(双侧)超声检查,H-胸腔（双侧）超声检查,彩超室
952090,颜面部包块超声检查,H-颜面部包块超声检查,彩超室
952091,废-眼超单,H-废-眼超单,彩超室
952092,废-眼超双,H-废-眼超双,彩超室
952093,腋窝(单侧)超声检查,H-腋窝（单侧）超声检查,彩超室
952094,腋窝(双侧)超声检查,H-腋窝（双侧）超声检查,彩超室
952095,腋窝淋巴结超声检查,H-腋窝淋巴结超声检查,彩超室
952096,阴囊睾丸超声检查,H-阴囊睾丸超声检查,彩超室
952097,阴囊睾丸+附睾+精索静脉超声检查,H-阴囊睾丸+附睾+精索静脉超声检查,彩超室
952098,阴囊睾丸+附睾超声检查,H-阴囊睾丸+附睾超声检查,彩超室
952099,阴囊睾丸+精索静脉超声检查,H-阴囊睾丸+精索静脉超声检查,彩超室
952100,右下腹(阑尾)超声检查,H-右下腹（阑尾）超声检查,彩超室
952101,椎动脉(单侧)超声检查,H-椎动脉（单侧）超声检查,彩超室
952102,经颅彩色多普勒超声,H-经颅彩色多普勒超声,彩超室
953001,红细胞影像检测,H-红细胞影像检测,功能检测
953002,LIFE生物能量检测,H-LIFE生物能量检测,功能检测
953003,干眼分析仪检查,H-干眼分析仪检查,眼科特检
953004,眼光学生物测量-I0Lmaster700,H-眼光学生物测量-I0Lmaster700,眼科特检
953005,眼压测量,H-眼压测量,眼科特检
953006,综合视力验光,H-综合视力验光,眼科特检
953007,电脑验光视力筛查,H-电脑验光视力筛查,眼科特检
953008,裂隙灯检查,H-裂隙灯检查,眼科特检
953009,眼科AI智能诊疗,H-眼科AI智能诊疗,眼科特检
953010,眼前节光学相关断层扫描,H-眼前节光学相关断层扫描,眼科特检
953011,眼底光学断层扫描-眼底OCT,H-眼底光学断层扫描-眼底OCT,眼科特检
953012,瞳距测量-PM-700,H-瞳距测量-PM-700,眼科特检
953013,焦度计镜片度数测量,H-焦度计镜片度数测量,眼科特检
953014,视野检测,H-视野检测,眼科特检
953015,视功能分析,H-视功能分析,眼科特检
954001,16S肠道菌群宏基因组检测(便W),H-16S肠道菌群宏基因组检测（便W）,化验室
955001,25-羟基维生素D,H-25-羟基维生素D,化验室
955002,TCT超薄液基细胞学检测-宫颈(W),H-TCT超薄液基细胞学检测-宫颈（W),化验室
955003,艾滋病毒抗体HIV-Ab检测,H-艾滋病毒抗体HIV-Ab检测,化验室
955004,便常规,H-便常规,化验室
955005,便潜血定量检测,H-便潜血定量检测,化验室
955006,丙型肝炎抗体二项,H-丙型肝炎抗体二项,化验室
955007,病原学十项(甲乙丙肝梅毒HIV),H-病原学十项（甲乙丙肝梅毒HIV）,化验室
955008,电解质四项,H-电解质四项,化验室
955009,风湿三项,H-风湿三项,化验室
955010,肝功能十二项,H-肝功能十二项,化验室
955011,激素六项,H-激素六项,化验室
955012,甲型肝炎病毒抗体2项,H-甲型肝炎病毒抗体2项,化验室
955013,激素八项(质谱配套专用),H-激素八项（质谱配套专用）,化验室
955014,巨细胞病毒IgM抗体，定性,H-巨细胞病毒IgM抗体，定性,化验室
955015,空腹C肽,H-空腹C肽,化验室
955016,空腹血糖,H-空腹血糖,化验室
955017,空腹胰岛素,H-空腹胰岛素,化验室
955018,硫酸脱氢表雄酮DHEA-S,H-硫酸脱氢表雄酮DHEA-S,化验室
955019,卵巢癌两项,H-卵巢癌两项,化验室
955020,梅毒螺旋体抗体TP-Ab,H-梅毒螺旋体抗体TP-Ab,化验室
955021,免疫球蛋白E,H-免疫球蛋白E,化验室
955022,免疫五项,H-免疫五项,化验室
955023,尿常规,H-尿常规,化验室
955024,尿微量白蛋白三项,H-尿微量白蛋白三项,化验室
955025,凝血功能四项检查,H-凝血功能四项检查,化验室
955026,凝血功能五项检查,H-凝血功能五项检查,化验室
955027,贫血三项,H-贫血三项,化验室
955028,前列腺肿瘤标志物三项,H-前列腺肿瘤标志物三项,化验室
955029,人绒毛膜促性腺激素,H-人绒毛膜促性腺激素,化验室
955030,人乳头瘤病毒(HPV)核酸检测(17加6),H-人乳头瘤病毒（HPV）核酸检测（17加6）,化验室
955031,人乳头瘤病毒HPV27分型检测,H-人乳头瘤病毒HPV27分型检测,化验室
955032,肾功能三项,H-肾功能三项,化验室
955033,食物不耐受14项,H-食物不耐受14项,化验室
955034,术前八项乙丙肝梅毒HIV,H-术前八项乙丙肝梅毒HIV,化验室
955035,糖化血红蛋白HbAlc,H-糖化血红蛋白HbAlc,化验室
955036,糖类抗原CA199,H-糖类抗原CA199,化验室
955037,同型半胱氨酸(HCY),H-同型半胱氨酸（HCY）,化验室
955038,外周血T/NK/B淋巴细胞计数检测(W),H-外周血T/NK/B淋巴细胞计数检测（W）,化验室
955039,胃蛋白酶三项,H-胃蛋白酶三项,化验室
955040,胃泌素G17(W),H-胃泌素G17(W),化验室
955041,心肌酶六项,H-心肌酶六项,化验室
955042,心脑血管风险因子九项,H-心脑血管风险因子九项,化验室
955043,男性激素八项,H-男性激素八项,化验室
955044,女性激素八项,H-女性激素八项,化验室
955045,性激素结合球蛋白,H-性激素结合球蛋白,化验室
955046,血常规,H-血常规,化验室
955047,血常规(五分类),H-血常规（五分类）,化验室
955048,胱抑素C测定,H-胱抑素C测定,化验室
955049,血型鉴定,H-血型鉴定,化验室
955050,血脂七项,H-血脂七项,化验室
955051,血脂四项,H-血脂四项,化验室
955052,叶酸+VB12,H-叶酸+VB12,化验室
955053,乙肝五项定量,H-乙肝五项定量,化验室
955054,营养元素三项,H-营养元素三项,化验室
955055,肿瘤八项组合二,H-肿瘤八项组合二,化验室
955056,男性肿瘤标志物全项,H-男性肿瘤标志物全项,化验室
955057,女性肿瘤标志物全项,H-女性肿瘤标志物全项,化验室
955058,肿瘤五项组合一/肺肿标五项,H-肿瘤五项组合一/肺肿标五项,化验室
955059,风湿两项(RF/ASO),H-风湿两项(RF/ASO),化验室
955060,风湿四项,H-风湿四项,化验室
955061,全套有机酸代谢分析,H-全套有机酸代谢分析,化验室
955062,N端B型利钠肽前体荧光免疫法,H-N端B型利钠肽前体荧光免疫法,化验室
955063,N端B型利钠肽前体电化学发光法,H-N端B型利钠肽前体电化学发光法,化验室
955064,TM肿瘤标志物全项(男),H-TM肿瘤标志物全项（男),化验室
955065,TM肿瘤标志物全项(女),H-TM肿瘤标志物全项（女),化验室
955066,癌胚抗原(CEA),H-癌胚抗原(CEA),化验室
955067,白带常规,H-白带常规,化验室
955068,病原学四项(甲丙肝与梅毒),H-病原学四项（甲丙肝与梅毒）,化验室
955069,甲功五项TPO,H-甲功五项TPO,化验室
955070,甲胎蛋白(AFP),H-甲胎蛋白(AFP),化验室
955071,抗甲状腺过氧化物酶抗体,H-抗甲状腺过氧化物酶抗体,化验室
955072,抗甲状腺球蛋白抗体(Anti-Tg),H-抗甲状腺球蛋白抗体(Anti-Tg),化验室
955073,糖类抗原CA125,H-糖类抗原CA125,化验室
955074,糖类抗原CA72-4,H-糖类抗原CA72-4,化验室
955075,胃蛋白酶测定,H-胃蛋白酶测定,化验室
955076,细菌性阴道病BV+白带常规检测,H-细菌性阴道病BV+白带常规检测,化验室
955077,细菌性阴道病BV检测,H-细菌性阴道病BV检测,化验室
955078,心肌酶四项,H-心肌酶四项,化验室
955079,心脑血管风险8项,H-心脑血管风险8项,化验室
955080,血清电解质检查(K/Na/Cl/Ca),H-血清电解质检查(K/Na/Cl/Ca),化验室
955081,脂蛋白四项,H-脂蛋白四项,化验室
955082,脂蛋白相关磷脂酶A2(LP-PLA2),H-脂蛋白相关磷脂酶A2（LP-PLA2),化验室
955083,C13呼气试验,H-C13呼气试验,化验室
955084,抗环瓜氨酸肽抗体CCP,H-抗环瓜氨酸肽抗体CCP,化验室
955085,BV微生态,H-BV微生态,化验室
955086,丙型肝炎病毒抗体HCV-IgM,H-丙型肝炎病毒抗体HCV-IgM,化验室
955087,丙型肝炎病毒抗体,H-丙型肝炎病毒抗体,化验室
955088,高敏心肌钙蛋白,H-高敏心肌钙蛋白,化验室
955089,食物不耐受IgG抗体90项(W),H-食物不耐受IgG抗体90项(W),化验室
955090,脂联素,H-脂联素,化验室
955091,肿瘤四项AFPCEA125724,H-肿瘤四项AFPCEA125724,化验室
955092,激素四项,H-激素四项,化验室
955093,心肌酶谱五项(心功五项),H-心肌酶谱五项(心功五项）,化验室
955094,总三碘甲状腺原氨酸T3,H-总三碘甲状腺原氨酸T3,化验室
955095,甲功补充七项,H-甲功补充七项,化验室
955096,甲状腺素T4,H-甲状腺素T4,化验室
955097,吸入食物过敏原套餐28大项,H-吸入食物过敏原套餐28大项,化验室
955098,D二聚体定量,H-D二聚体定量,化验室
955099,血沉,H-血沉,化验室
955100,胃泌素释放肽前体,H-胃泌素释放肽前体,化验室
955101,细胞角蛋白19片段,H-细胞角蛋白19片段,化验室
955102,肿瘤九项,H-肿瘤九项,化验室
955103,糖类抗原CA153,H-糖类抗原CA153,化验室
955104,生长激素,H-生长激素,化验室
955105,甲功三项(TSH/FT3/FT4),H-甲功三项(TSH/FT3/FT4),化验室
955106,【活检】皮肤细菌培养+药敏,H-【活检】皮肤细菌培养+药敏,化验室
955107,病原学七项(乙丙梅),H-病原学七项（乙丙梅）,化验室
955108,乙型肝炎病毒HBV-DNA定量检测,H-乙型肝炎病毒HBV-DNA定量检测,化验室
955109,"17-羟皮质类固醇(17-OHCS)尿,色谱法","H-17-羟皮质类固醇(17-OHCS)尿,色谱法",化验室
955110,"17-酮皮质类固醇(17-KS),尿,色谱法","H-17-酮皮质类固醇(17-KS),尿,色谱法",化验室
955111,抗中性粒细胞胞浆抗体,H-抗中性粒细胞胞浆抗体,化验室
955112,4980生化免疫组合,H-4980生化免疫组合,化验室
955113,B细胞组套检测(CD5/19/20/21/22/24+)(W),H-B细胞组套检测(CD5/19/20/21/22/24+)(W),化验室
955114,超敏C反应蛋白(B),H-超敏C反应蛋白（B）,化验室
955115,C肽与胰岛素(空腹),H-C肽与胰岛素（空腹）,化验室
955116,C肽+胰岛素释放实验5次,H-C肽+胰岛素释放实验5次,化验室
955117,C肽1小时,H-C肽1小时,化验室
955118,C肽2小时,H-C肽2小时,化验室
955119,C肽3小时,H-C肽3小时,化验室
955120,C肽4小时,H-C肽4小时,化验室
955121,C肽半小时,H-C肽半小时,化验室
955122,C肽释放检测试验(5次),H-C肽释放检测试验（5次）,化验室
955123,胆碱酯酶(CHE),H-胆碱酯酶(CHE),化验室
955124,DH2高危HPVDNA检测14种定量,H-DH2高危HPVDNA检测14种定量,化验室
955125,EB病毒 传单抗体四项(W),H-EB病毒 传单抗体四项（W）,化验室
955126,"EB病毒(EB-DNA),定量,实时PCR法(W)","H-EB病毒(EB-DNA),定量,实时PCR法（W)",化验室
955127,"EB病毒(EB-DNA),定性,实时荧光PCR(W)","H-EB病毒(EB-DNA),定性,实时荧光PCR(W)",化验室
955128,EB病毒(EBV)抗体六项,H-EB病毒（EBV）抗体六项,化验室
955129,"EB病毒核抗原1IgG抗体,ELISA法(W)","H-EB病毒核抗原1IgG抗体,ELISA法（W)",化验室
955130,"EB病毒壳抗原IgA抗体定量,ELISA法(W)","H-EB病毒壳抗原IgA抗体定量,ELISA法（W)",化验室
955131,"EB病毒壳抗原IgM抗体(EB-VCA-IgM),酶联免疫分析法(","H-EB病毒壳抗原IgM抗体(EB-VCA-IgM),酶联免疫分析法（",化验室
955132,"EB病毒早期抗原IgA抗体(EA-IgA),ELISA法(W)","H-EB病毒早期抗原IgA抗体(EA-IgA),ELISA法（W)",化验室
955133,GXB病原学四项(乙丙梅毒HIV),H-GXB病原学四项（乙丙梅毒HIV）,化验室
955134,"HLA-DR17-DNA,PCR法","H-HLA-DR17-DNA,PCR法",化验室
955135,"HLA-DR18-DNA,PCR法","H-HLA-DR18-DNA,PCR法",化验室
955136,"HLA-DR3-DNA,PCR法","H-HLA-DR3-DNA,PCR法",化验室
955137,"HLA-DR4-DNA,PCR法","H-HLA-DR4-DNA,PCR法",化验室
955138,"HLA-DR9-DNA,PCR法","H-HLA-DR9-DNA,PCR法",化验室
955139,"HLA-DRw53-DNA,PCR法","H-HLA-DRw53-DNA,PCR法",化验室
955140,PCR新型冠状病毒核酸检测,H-PCR新型冠状病毒核酸检测,化验室
955141,Th1，Th2，Th17，Tc1，Tc2百分含量及绝对计数检测,H-Th1，Th2，Th17，Tc1，Tc2百分含量及绝对计数检测,化验室
955142,"Th1Th2,流式细胞术(W)","H-Th1Th2,流式细胞术(W)",化验室
955143,TH1TH2相关细胞因子检测,H-TH1TH2相关细胞因子检测,化验室
955144,TNF-α肿瘤坏死因子,H-TNF-α肿瘤坏死因子,化验室
955145,T淋巴细胞亚群绝对计数检测 (包括CD3/CD4/CD8)(W),H-T淋巴细胞亚群绝对计数检测 (包括CD3/CD4/CD8)(W),化验室
955146,W糖尿病自身抗体谱四项(GA/IA/IAA/ZNT8),H-W糖尿病自身抗体谱四项(GA/IA/IAA/ZNT8）,化验室
955147,β2-微球蛋白,H-β2-微球蛋白,化验室
955148,白介素10(IL-10),H-白介素10(IL-10),化验室
955149,白介素2(IL-2),H-白介素2(IL-2),化验室
955151,白介素6(IL-6),H-白介素6(IL-6),化验室
955152,百日咳杆菌IgM抗体定性,H-百日咳杆菌IgM抗体定性,化验室
955153,便常规检测,H-便常规检测,化验室
955154,丙二醛(MDA),H-丙二醛(MDA),化验室
955155,丙型肝炎病毒HCV RNA高灵敏度定量检测(W),H-丙型肝炎病毒HCV RNA高灵敏度定量检测(W),化验室
955156,丙型肝炎病毒RNA检测(W),H-丙型肝炎病毒RNA检测(W),化验室
955157,病理检查诊断11-15点，HE染色,H-病理检查诊断11-15点，HE染色,化验室
955158,病理检查诊断1-2点，HE染色,H-病理检查诊断1-2点，HE染色,化验室
955159,病理检查诊断16-30点，HE染色,H-病理检查诊断16-30点，HE染色,化验室
955160,病理检查诊断3-6点，HE染色,H-病理检查诊断3-6点，HE染色,化验室
955161,病理检查诊断7-10点，HE染色,H-病理检查诊断7-10点，HE染色,化验室
955162,病理免疫组化(1-2项),H-病理免疫组化（1-2项）,化验室
955163,病理免疫组化(15项以上),H-病理免疫组化（15项以上）,化验室
955164,病理免疫组化(3-7项),H-病理免疫组化（3-7项）,化验室
955165,病理免疫组化(8-15项),H-病理免疫组化（8-15项）,化验室
955166,病原学八项-乙5丙1梅毒HIV-定性,H-病原学八项-乙5丙1梅毒HIV-定性,化验室
955167,病原学七项(乙肝五项+甲丙肝IGM抗体),H-病原学七项(乙肝五项+甲丙肝IGM抗体),化验室
955168,病原学相关指标九项(甲乙丙肝与梅毒),H-病原学相关指标九项（甲乙丙肝与梅毒）,化验室
955169,"补体3(C3),免疫比浊法","H-补体3(C3),免疫比浊法",化验室
955170,"补体4(C4),免疫比浊法","H-补体4(C4),免疫比浊法",化验室
955171,不孕不育抗体七项,H-不孕不育抗体七项,化验室
955172,餐后1小时血糖,H-餐后1小时血糖,化验室
955173,餐后2小时血糖,H-餐后2小时血糖,化验室
955174,餐后3小时血糖,H-餐后3小时血糖,化验室
955175,餐后4h血糖测量,H-餐后4h血糖测量,化验室
955176,餐后半小时血糖,H-餐后半小时血糖,化验室
955177,(停用)H-常见肿瘤与慢病基因检测,（停用）H-常见肿瘤与慢病基因检测,化验室
955178,超敏C反应蛋白(hs-CRP),H-超敏C反应蛋白(hs-CRP),化验室
955179,超敏甲状腺球蛋白  TG  电化学发光,H-超敏甲状腺球蛋白  TG  电化学发光,化验室
955180,超氧化物岐化酶(SOD)(W),H-超氧化物岐化酶(SOD)(W),化验室
955181,传染病八项(甲乙丙肝),H-传染病八项（甲乙丙肝）,化验室
955182,心肌酶六项一,H-心肌酶六项一,化验室
955183,雌激素三项,H-雌激素三项,化验室
955184,"雌酮E1测定,化学发光法","H-雌酮E1测定,化学发光法",化验室
955185,"促红细胞生成素(EPO),化学发光法(W)","H-促红细胞生成素（EPO）,化学发光法（W)",化验室
955186,促黄体生成素(LH),H-促黄体生成素(LH),化验室
955187,促黄体生成素激发试验(6次),H-促黄体生成素激发试验(6次）,化验室
955188,促甲状腺素受体抗体  TRAb,H-促甲状腺素受体抗体  TRAb,化验室
955189,促卵泡生成素 (FSH),H-促卵泡生成素 (FSH),化验室
955190,促卵泡生成素激发试验(6次),H-促卵泡生成素激发试验（6次）,化验室
955191,促肾上腺皮质激素(ACTH)电化学发光法(W),H-促肾上腺皮质激素（ACTH）电化学发光法(W),化验室
955192,促肾上腺皮质激素节律试验(0/8/16),H-促肾上腺皮质激素节律试验(0/8/16）,化验室
955193,"大便培养(沙门志贺)药敏,细菌培养法","H-大便培养（沙门志贺）药敏,细菌培养法",化验室
955194,大细胞肺癌肿瘤标志物三项(CEA/CA125/CF21-1),H-大细胞肺癌肿瘤标志物三项（CEA/CA125/CF21-1),化验室
955195,"带状疱疹病毒(VZV-DNA)定性,PCR法(W)","H-带状疱疹病毒(VZV-DNA)定性,PCR法(W)",化验室
955196,"带状疱疹病毒IgM(VZV-IgM),ELISA法(W)","H-带状疱疹病毒IgM(VZV-IgM),ELISA法(W)",化验室
955197,"带状疱疹病毒抗体IgG(VZV-IgG),ELISA法(W)","H-带状疱疹病毒抗体IgG(VZV-IgG),ELISA法(W)",化验室
955198,单纯疱疹病毒Ⅰ+Ⅱ型抗体四项(W),H-单纯疱疹病毒Ⅰ+Ⅱ型抗体四项(W),化验室
955199,"单纯疱疹病毒Ⅰ型(HSVI-DNA),定性,实时荧光PCR(W)","H-单纯疱疹病毒Ⅰ型(HSVI-DNA),定性,实时荧光PCR(W)",化验室
955200,"单纯疱疹病毒Ⅱ型(HSVII-DNA),定性,实时荧光PCR(W)","H-单纯疱疹病毒Ⅱ型(HSVII-DNA),定性,实时荧光PCR(W)",化验室
955201,单纯疱疹病毒IgG(HSV-Ⅰ-IgG)抗体(W),H-单纯疱疹病毒IgG(HSV-Ⅰ-IgG)抗体(W),化验室
955202,膀胱癌细胞染色体及基因检测,H-膀胱癌细胞染色体及基因检测,化验室
955203,单纯疱疹病毒IgM(HSV-Ⅰ-IgM)抗体(W),H-单纯疱疹病毒IgM(HSV-Ⅰ-IgM)抗体(W),化验室
955204,单纯疱疹病毒IgM(HSV-II-IgM)抗体(W),H-单纯疱疹病毒IgM(HSV-II-IgM)抗体(W),化验室
955205,电解质六项(CA/K/NA/CL/P/Mg),H-电解质六项（CA/K/NA/CL/P/Mg),化验室
955206,"丁型肝炎IgG,ELISA法","H-丁型肝炎IgG,ELISA法",化验室
955207,"丁型肝炎IgM,ELISA法","H-丁型肝炎IgM,ELISA法",化验室
955208,"丁型肝炎抗原,ELISA法","H-丁型肝炎抗原,ELISA法",化验室
955209,端粒酶检测(W),H-端粒酶检测（W）,化验室
955210,恶性肿瘤特异生长因子  TSGF  (W),H-恶性肿瘤特异生长因子  TSGF  (W),化验室
955211,儿茶酚胺放免法,H-儿茶酚胺放免法,化验室
955212,二氧化碳结合力,H-二氧化碳结合力,化验室
955213,反-三碘甲状腺原氨酸(RT3),H-反-三碘甲状腺原氨酸(RT3),化验室
955214,肺炎四项支原体衣原体(MP-IgG/IGM/CP-IgG/IGM),H-肺炎四项支原体衣原体(MP-IgG/IGM/CP-IgG/IGM),化验室
955215,"肺炎衣原体抗体IgG(CP-IgG),ELISA法","H-肺炎衣原体抗体IgG(CP-IgG),ELISA法",化验室
955216,"风疹病毒(RV-RNA)定性,PCR法(W)","H-风疹病毒(RV-RNA)定性,PCR法(W)",化验室
955217,"风疹病毒IgG抗体(RV-IgG),ELISA法(W)","H-风疹病毒IgG抗体(RV-IgG),ELISA法(W)",化验室
955218,"风疹病毒IgM抗体(RV-IgM),ELISA法(W)","H-风疹病毒IgM抗体(RV-IgM),ELISA法(W)",化验室
955219,"封闭抗体(BA),ELISA法(W)","H-封闭抗体(BA),ELISA法(W)",化验室
955220,肝功能五项,H-肝功能五项,化验室
955221,肝功七项(加一比值),H-肝功七项(加一比值）,化验室
955222,肝功四项(ALP/AST/GGT/ALP),H-肝功四项（ALP/AST/GGT/ALP),化验室
955223,肝抗原普四项检测(AMA-M2/SLA/LP/LKM-1/LC-1)(W),H-肝抗原普四项检测(AMA-M2/SLA/LP/LKM-1/LC-1)(W),化验室
955224,肝衰凝血因子检查(停用),H-肝衰凝血因子检查（停用）,化验室
955225,肝纤维化五项(HA/LN/IV-C/PIIINP/CG)(W),H-肝纤维化五项(HA/LN/IV-C/PIIINP/CG)（W),化验室
955226,肝脏肿瘤标志物4项(CA199/AFP/CEA/Fer),H-肝脏肿瘤标志物4项(CA199/AFP/CEA/Fer),化验室
955227,高危型HPV E6 E7 mRNA(w),H-高危型HPV E6 E7 mRNA(w),化验室
955228,高血压四项,H-高血压四项,化验室
955229,(加四项和皮质醇)高血压五项,H-(加四项和皮质醇）高血压五项,化验室
955230,睾酮(T),H-睾酮(T),化验室
955231,睾丸活检,H-睾丸活检,化验室
955232,"庚型肝炎病毒抗体 IgG(HGV-IgG),ELISA法","H-庚型肝炎病毒抗体 IgG(HGV-IgG),ELISA法",化验室
955233,"弓形虫(TOX-DNA)定性,实时荧光PCR(W)","H-弓形虫(TOX-DNA)定性,实时荧光PCR(W)",化验室
955234,"弓形虫IgG抗体(TOX-IgG),ELISA法(W)","H-弓形虫IgG抗体(TOX-IgG),ELISA法(W)",化验室
955235,"弓形虫IgM抗体(TOX-IgM),ELISA法(W)","H-弓形虫IgM抗体(TOX-IgM),ELISA法(W)",化验室
955236,钩端螺旋体IgG抗体(LEP-IgG)(W),H-钩端螺旋体IgG抗体(LEP-IgG)(W),化验室
955237,谷胱甘肽过氧化物酶(GSH-Px),H-谷胱甘肽过氧化物酶(GSH-Px),化验室
955238,"骨钙素(OST),电化学发光法(W)","H-骨钙素(OST),电化学发光法(W)",化验室
955239,过敏原吸入-食物组(14HOB39子项)，免疫印迹W,H-过敏原吸入-食物组（14HOB39子项），免疫印迹W,化验室
955240,过敏原吸入-食物组19项,H-过敏原吸入-食物组19项,化验室
955241,过敏原吸入-食物组28项,H-过敏原吸入-食物组28项,化验室
955242,过敏原吸入-食物组定量豪华16项(W2工作日),H-过敏原吸入-食物组定量豪华16项（W2工作日）,化验室
955243,呼吸道病原抗体5项,H-呼吸道病原抗体5项,化验室
955244,"呼吸道合胞病毒两项(RSV-IgM,RSV-IgG)(W)","H-呼吸道合胞病毒两项（RSV-IgM,RSV-IgG）(W)",化验室
955245,肌红蛋白  Myo,H-肌红蛋白  Myo,化验室
955246,肌炎谱16项,H-肌炎谱16项,化验室
955247,激素套餐20项(质谱法W),H-激素套餐20项（质谱法W）,化验室
955248,激素五项(E2/P/T/LH/FSH),H-激素五项(E2/P/T/LH/FSH),化验室
955249,血清全套荷尔蒙健康分析,H-血清全套荷尔蒙健康分析,化验室
955250,甲功全项(十二项),H-甲功全项（十二项）,化验室
955251,甲功三项(TSH/FT3/FT4),H-甲功三项(TSH/FT3/FT4),化验室
955252,餐后血脂七项,H-餐后血脂七项,化验室
955253,"甲状旁腺激素(PTH),电化学发光法(W)","H-甲状旁腺激素(PTH),电化学发光法(W)",化验室
955254,甲状腺基因检测,H-甲状腺基因检测,化验室
955255,甲状腺结合球蛋白  TBG  (W),H-甲状腺结合球蛋白  TBG  (W),化验室
955256,甲状腺组织活检,H-甲状腺组织活检,化验室
955257,"降钙素原(PCT),电化学发光法(W)","H-降钙素原(PCT),电化学发光法(W)",化验室
955258,结核γ干扰素释放试验(W),H-结核γ干扰素释放试验(W),化验室
955259,结核分枝杆菌T-SPOT.TB检测(W),H-结核分枝杆菌T-SPOT.TB检测(W),化验室
955260,结核杆菌(TB-DNA)定性(W),H-结核杆菌(TB-DNA)定性(W),化验室
955261,结核杆菌抗体TB-Ab (W),H-结核杆菌抗体TB-Ab (W),化验室
955262,"解脲支原体(UU)DNA检测,定性","H-解脲支原体（UU）DNA检测,定性",化验室
955263,精液常规分析,H-精液常规分析,化验室
955264,"巨细胞病毒(CMV-DNA),定性","H-巨细胞病毒(CMV-DNA),定性",化验室
955265,巨细胞病毒(CMV-DNA)定量(W),H-巨细胞病毒（CMV-DNA）定量（W),化验室
955266,巨细胞病毒CMV抗体两项(定量)(W),H-巨细胞病毒CMV抗体两项（定量）(W),化验室
955267,巨细胞病毒CMV抗体两项(定性)(W),H-巨细胞病毒CMV抗体两项（定性）(W),化验室
955268,"巨细胞病毒IgG抗体,定性(W)","H-巨细胞病毒IgG抗体,定性(W)",化验室
955269,巨细胞病毒IgG抗体定量(W),H-巨细胞病毒IgG抗体定量(W),化验室
955270,巨细胞病毒IgM抗体定量(W),H-巨细胞病毒IgM抗体定量(W),化验室
955271,抗RA-33抗体,H-抗RA-33抗体,化验室
955272,"抗β2糖蛋白1抗体定量(β2 GPI IgA,IgG,IgM),ELISA","H-抗β2糖蛋白1抗体定量（β2 GPI IgA,IgG,IgM),ELISA",化验室
955273,"抗核抗体(ANA),间接免疫荧光法(W)","H-抗核抗体(ANA),间接免疫荧光法(W)",化验室
955274,"抗核抗体谱-17项,免疫印迹法(W)","H-抗核抗体谱-17项,免疫印迹法(W)",化验室
955275,抗核周因子(APF),H-抗核周因子(APF),化验室
955276,抗甲状腺微粒体抗体  TMAB  (W),H-抗甲状腺微粒体抗体  TMAB  (W),化验室
955277,抗角蛋白抗体(AKA),H-抗角蛋白抗体(AKA),化验室
955278,抗ENA抗体八项,H-抗ENA抗体八项,化验室
955279,"抗磷脂酶A2受体抗体(PLA2R)IgG,定量,ELISA法(W)","H-抗磷脂酶A2受体抗体(PLA2R)IgG,定量,ELISA法（W)",化验室
955280,抗磷脂综合征14项,H-抗磷脂综合征14项,化验室
955281,抗磷脂综合征六项定量(W),H-抗磷脂综合征六项定量（W),化验室
955282,抗缪勒管激素(AMH),H-抗缪勒管激素（AMH）,化验室
955283,抗内因子抗体(IFA)IgG,H-抗内因子抗体(IFA)IgG,化验室
955284,抗肾小球基底膜抗体GBM,H-抗肾小球基底膜抗体GBM,化验室
955285,抗双链DNA(dsDNA),H-抗双链DNA（dsDNA）,化验室
955286,抗胃壁细胞抗体PCA-IgG (W),H-抗胃壁细胞抗体PCA-IgG (W),化验室
955287,"抗心磷脂抗体IgA,定量,ELISA法(W)","H-抗心磷脂抗体IgA,定量,ELISA法(W)",化验室
955288,"抗心磷脂抗体IgG,定量,ELISA法(W)","H-抗心磷脂抗体IgG,定量,ELISA法(W)",化验室
955289,"抗心磷脂抗体IgM,定量,ELISA法(W)","H-抗心磷脂抗体IgM,定量,ELISA法(W)",化验室
955290,"抗心磷脂抗体三项(ACA-IgA,IgG,IgM),定量,酶联免疫","H-抗心磷脂抗体三项(ACA-IgA,IgG,IgM),定量,酶联免疫",化验室
955291,"抗心磷脂总抗体(ACA),ELISA法(W)","H-抗心磷脂总抗体(ACA),ELISA法(W)",化验室
955292,"抗子宫内膜抗体(EmAb),ELISA法(W)","H-抗子宫内膜抗体(EmAb),ELISA法(W)",化验室
955293,"柯萨奇病毒抗体二项(CSV-IgM,IgG)(W)","H-柯萨奇病毒抗体二项（CSV-IgM,IgG）(W)",化验室
955294,狼疮样抗凝物质筛查(LA1/LA2)(W)凝固法,H-狼疮样抗凝物质筛查(LA1/LA2)(W)凝固法,化验室
955295,"酪氨酸磷酸酶抗体(IA-2Ab),放射配体法(W)","H-酪氨酸磷酸酶抗体(IA-2Ab),放射配体法(W)",化验室
955296,类风湿因子(RF),H-类风湿因子(RF),化验室
955297,"淋球菌(NG)DNA检测,定性","H-淋球菌（NG）DNA检测,定性",化验室
955298,鳞状上皮细胞癌抗原(SCC),H-鳞状上皮细胞癌抗原(SCC),化验室
955299,"流式封闭抗体检测,流式细胞术","H-流式封闭抗体检测,流式细胞术",化验室
955300,"硫酸去氢表酮(DHEA-SO4),电化学(W)","H-硫酸去氢表酮（DHEA-SO4）,电化学(W)",化验室
955301,卵巢肿瘤标志物七项,H-卵巢肿瘤标志物七项,化验室
955302,轮状病毒ABC组RNA核酸定性检测,H-轮状病毒ABC组RNA核酸定性检测,化验室
955303,梅毒快速血浆反应素,H-梅毒快速血浆反应素,化验室
955304,"梅毒确诊试验-梅毒螺旋体特异性抗体半定量(TPPA),","H-梅毒确诊试验-梅毒螺旋体特异性抗体半定量（TPPA）,",化验室
955305,"免疫功能-T细胞分化表型检测(32项),流式细胞术(W)","H-免疫功能-T细胞分化表型检测（32项）,流式细胞术(W)",化验室
955306,免疫功能检测122项套餐W,H-免疫功能检测122项套餐W,化验室
955307,免疫功能检测20项套餐W,H-免疫功能检测20项套餐W,化验室
955308,免疫功能检测64项套餐W,H-免疫功能检测64项套餐W,化验室
955309,免疫六项(IgE/A/G/M/C3/C4),H-免疫六项（IgE/A/G/M/C3/C4）,化验室
955310,免疫球蛋白A(IgA),H-免疫球蛋白A（IgA）,化验室
955311,免疫球蛋白G(IgG),H-免疫球蛋白G（IgG）,化验室
955312,免疫球蛋白M(IgM),H-免疫球蛋白M(IgM）,化验室
955313,免疫组合-男(肿标甲功病原学风湿营养元素激素),H-免疫组合-男（肿标甲功病原学风湿营养元素激素）,化验室
955314,免疫组合-女(肿标甲功病原学风湿营养元素激素),H-免疫组合-女（肿标甲功病原学风湿营养元素激素）,化验室
955315,内镜活检(W),H-内镜活检(W),化验室
955316,"念珠菌抗原检测,酶联免疫分析(W)","H-念珠菌抗原检测,酶联免疫分析(W)",化验室
955317,尿HCG(人绒毛膜促性腺激素),H-尿HCG(人绒毛膜促性腺激素),化验室
955318,尿常规与尿沉渣,H-尿常规与尿沉渣,化验室
955319,尿沉渣,H-尿沉渣,化验室
955320,尿碘,H-尿碘,化验室
955321,尿淀粉酶,H-尿淀粉酶,化验室
955322,尿微量白蛋白三项B,H-尿微量白蛋白三项B,化验室
955323,诺如病毒ⅠⅡ型RNA核酸定性检测,H-诺如病毒ⅠⅡ型RNA核酸定性检测,化验室
955324,葡萄糖-6-磷酸脱氢酶缺陷筛查(G-6-PD),H-葡萄糖-6-磷酸脱氢酶缺陷筛查（G-6-PD）,化验室
955325,葡萄糖抑制生长激素试验(5次),H-葡萄糖抑制生长激素试验（5次）,化验室
955326,前列腺液常规分析(W),H-前列腺液常规分析（W),化验室
955327,全血垂体六项(HGH/FSH/LH/TSH/PRL/COR),H-全血垂体六项(HGH/FSH/LH/TSH/PRL/COR),化验室
955328,全血垂体七项(ACTH/HGH/FSH/LH/TSH/PRL/COR),H-全血垂体七项(ACTH/HGH/FSH/LH/TSH/PRL/COR),化验室
955329,全血铜(CU),H-全血铜(CU),化验室
955330,全血微量元素六项(铜锌锰镁铁铅)(W),H-全血微量元素六项（铜锌锰镁铁铅）(W),化验室
955331,人附睾蛋白HE4(女性),H-人附睾蛋白HE4（女性）,化验室
955332,"人类白细胞分化抗原B27(HLA-B27)筛查,流式细胞术","H-人类白细胞分化抗原B27(HLA-B27)筛查,流式细胞术",化验室
955333,"人类白细胞分化抗原HLA-B27-DNA,PCR法(W)","H-人类白细胞分化抗原HLA-B27-DNA,PCR法(W)",化验室
955334,人乳头瘤病毒HPV核酸检测14项,H-人乳头瘤病毒HPV核酸检测14项,化验室
955335,"人胎盘催乳素(HPL),化学发光法(W)","H-人胎盘催乳素（HPL）,化学发光法（W)",化验室
955336,乳腺肿瘤标志物三项(CA125/153/TSGF),H-乳腺肿瘤标志物三项(CA125/153/TSGF),化验室
955337,"沙眼衣原体(CT)DNA检测,定性","H-沙眼衣原体(CT)DNA检测,定性",化验室
955338,神经元特异性烯醇化酶(NSE),H-神经元特异性烯醇化酶（NSE）,化验室
955339,肾上腺功能检查八项,H-肾上腺功能检查八项,化验室
955340,"肾素活性测定(PRA),化学发光法(AI37-Ai4)(W)","H-肾素活性测定（PRA）,化学发光法(AI37-Ai4)(W)",化验室
955341,肾早损四项,H-肾早损四项,化验室
955342,生化全套检查(肾功肝功血脂心功),H-生化全套检查（肾功肝功血脂心功）,化验室
955343,生化组合套餐(肾功肝功血脂心功),H-生化组合套餐（肾功肝功血脂心功）,化验室
955344,生长激素激发试验(6次),H-生长激素激发试验（6次）,化验室
955345,生殖染色体核型分析(W),H-生殖染色体核型分析（W）,化验室
955346,"嗜肺军团杆菌-IgM抗体(Leg-IgM),ELISA法","H-嗜肺军团杆菌-IgM抗体(Leg-IgM),ELISA法",化验室
955347,痰培养+药敏,H-痰培养+药敏,化验室
955348,糖化血清蛋白(GSP)果糖胺,H-糖化血清蛋白（GSP）果糖胺,化验室
955349,餐后血糖,H-餐后血糖,化验室
955350,糖类抗原CA-50(广谱),H-糖类抗原CA-50(广谱),化验室
955351,糖耐量实验(含糖75克),H-糖耐量实验（含糖75克）,化验室
955352,C肽胰岛素与抗体,H-C肽胰岛素与抗体,化验室
955353,糖尿病筛查餐后0.5H(GLU/CP/INS),H-糖尿病筛查餐后0.5H(GLU/CP/INS),化验室
955354,糖尿病筛查餐后1H(GLU/CP/INS),H-糖尿病筛查餐后1H(GLU/CP/INS),化验室
955355,糖尿病筛查餐后2H(GLU/CP/INS),H-糖尿病筛查餐后2H(GLU/CP/INS),化验室
955356,糖尿病筛查餐后3H(GLU/CP/INS),H-糖尿病筛查餐后3H(GLU/CP/INS),化验室
955357,血糖C肽胰岛素空腹,H-血糖C肽胰岛素空腹,化验室
955358,"糖尿病自身抗体二项(ICA,IAA)(W)","H-糖尿病自身抗体二项（ICA,IAA）(W)",化验室
955359,铜蓝蛋白CER,H-铜蓝蛋白CER,化验室
955360,外周血B细胞NK细胞计数(W),H-外周血B细胞NK细胞计数(W),化验室
955361,外周血B细胞绝对计数(W),H-外周血B细胞绝对计数(W),化验室
955362,外周血NK细胞绝对计数(W),H-外周血NK细胞绝对计数(W),化验室
955363,网织红细胞计数,H-网织红细胞计数,化验室
955364,血脂基因检测,H-血脂基因检测,化验室
955365,水溶性维生素B族检测(B1/2/3/5/9),H-水溶性维生素B族检测（B1/2/3/5/9）,化验室
955366,"戊型肝炎病毒(HEV)RNA检测,实时PCR法","H-戊型肝炎病毒(HEV)RNA检测,实时PCR法",化验室
955367,"戊型肝炎病毒抗体IgG(HEV-IgG),化学发光法","H-戊型肝炎病毒抗体IgG(HEV-IgG),化学发光法",化验室
955368,"戊型肝炎病毒抗体两项,ELISA法","H-戊型肝炎病毒抗体两项,ELISA法",化验室
955369,纤维蛋白原Fbg,H-纤维蛋白原Fbg,化验室
955370,"腺病毒IgM抗体(ADV-IgM),ELISA法(W)","H-腺病毒IgM抗体(ADV-IgM),ELISA法(W)",化验室
955371,腺苷脱氨酶ADA(W),H-腺苷脱氨酶ADA(W),化验室
955372,"香草扁桃酸(VMA),尿,色谱法","H-香草扁桃酸(VMA),尿,色谱法",化验室
955373,小细胞肺癌肿瘤标志物四项(CEA/NSE/CA50/ACTH),H-小细胞肺癌肿瘤标志物四项（CEA/NSE/CA50/ACTH）,化验室
955374,心梗三项,H-心梗三项,化验室
955375,心功能八项,H-心功能八项,化验室
955376,新型冠状病毒(SARS-CoV-2)IgG/IgM抗体两项,H-新型冠状病毒(SARS-CoV-2)IgG/IgM抗体两项,化验室
955377,"性病三项(NG/CT/UU-DNA)核酸检测,定性","H-性病三项(NG/CT/UU-DNA)核酸检测,定性",化验室
955378,性早熟激素8项,H-性早熟激素8项,化验室
955379,雄激素检测9项套餐,H-雄激素检测9项套餐,化验室
955380,"雄烯二酮(AD),化学发光法(W)","H-雄烯二酮(AD),化学发光法(W)",化验室
955381,"血管紧张素II(AngII),化学发光法(W)","H-血管紧张素II(AngII),化学发光法(W)",化验室
955382,血管紧张素转化酶ACE,H-血管紧张素转化酶ACE,化验室
955383,"血管炎五项(P/C-ANCA,MPO-Ab,PR3-Ab,ACA)(W)","H-血管炎五项（P/C-ANCA,MPO-Ab,PR3-Ab,ACA）(W)",化验室
955384,"血浆甲氧基肾上腺素类物质(MN,NMN)(W)","H-血浆甲氧基肾上腺素类物质(MN,NMN)(W)",化验室
955385,血磷(P),H-血磷（P),化验室
955386,血流变(W),H-血流变(W),化验室
955387,血镁(Mg),H-血镁（Mg）,化验室
955388,血尿酸(UA),H-血尿酸（UA）,化验室
955389,血清超敏促甲状腺激素(HTSH),H-血清超敏促甲状腺激素（HTSH）,化验室
955390,废,,化验室
955391,血清钙,H-血清钙,化验室
955392,血清泌乳素(PRL),H-血清泌乳素(PRL),化验室
955393,血清皮质醇(Cortisol),H-血清皮质醇（Cortisol）,化验室
955394,血清皮质醇昼夜节律测定0/8/16,H-血清皮质醇昼夜节律测定0/8/16,化验室
955395,血清醛固酮(ALD),H-血清醛固酮(ALD）,化验室
955396,血清铁(Fe),H-血清铁(Fe),化验室
955397,血清铁蛋白,H-血清铁蛋白,化验室
955398,血清硒,H-血清硒,化验室
955399,血清脂肪酶(LIP)(W),H-血清脂肪酶（LIP）(W),化验室
955400,血清-重金属含量指标(汞砷铅镉等),H-血清-重金属含量指标（汞砷铅镉等）,化验室
955401,血清总睾酮-串联质谱法(W),H-血清总睾酮-串联质谱法（W）,化验室
955402,"叶酸(FOL),化学发光法","H-叶酸(FOL),化学发光法",化验室
955403,胰岛功能评估(血糖+C肽+胰岛素试验5次),H-胰岛功能评估(血糖+C肽+胰岛素试验5次),化验室
955404,胰岛功能评估糖75克(血糖+C肽+胰岛素试验5次),H-胰岛功能评估糖75克(血糖+C肽+胰岛素试验5次),化验室
955405,胰岛素1小时,H-胰岛素1小时,化验室
955406,胰岛素2小时,H-胰岛素2小时,化验室
955407,胰岛素3小时,H-胰岛素3小时,化验室
955408,胰岛素4小时,H-胰岛素4小时,化验室
955409,胰岛素半小时,H-胰岛素半小时,化验室
955410,胰岛素抗体INS-Ab(W),H-胰岛素抗体INS-Ab(W),化验室
955411,胰岛素释放检测试验(5次),H-胰岛素释放检测试验（5次）,化验室
955412,胰岛素样生长因子(IGF-1),H-胰岛素样生长因子(IGF-1),化验室
955413,"胰岛素样生长因子结合蛋白-3(IGFBP-3),化学发光法","H-胰岛素样生长因子结合蛋白-3(IGFBP-3),化学发光法",化验室
955414,胰腺肿瘤标志物六项(CEA/CA125/153/199/FER/AFP),H-胰腺肿瘤标志物六项（CEA/CA125/153/199/FER/AFP）,化验室
955415,乙肝五项|乙肝两对半(定性),H-乙肝五项|乙肝两对半(定性),化验室
955416,乙型肝炎病毒HBVDNA高灵敏度定量检测(W),H-乙型肝炎病毒HBVDNA高灵敏度定量检测(W),化验室
955417,CRO全血维生素B6,H-CRO全血维生素B6,化验室
955418,"抑制素B检测,ELISA法(W)","H-抑制素B检测,ELISA法（W)",化验室
955419,隐球菌抗原测定(W),H-隐球菌抗原测定(W),化验室
955420,优生十项(TORCH-IgM/IgG)定性(W),H-优生十项（TORCH-IgM/IgG）定性（W),化验室
955421,优生十项定量(含两定性)(TORCH),H-优生十项定量（含两定性）（TORCH）,化验室
955422,幽门螺旋杆菌(C-14),H-幽门螺旋杆菌(C-14),化验室
955423,幽门螺旋杆菌抗体,H-幽门螺旋杆菌抗体,化验室
955424,游离雌三醇FE3(W),H-游离雌三醇FE3(W),化验室
955425,"游离睾酮(FT),化学发光法(W)","H-游离睾酮(FT),化学发光法（W)",化验室
955426,游离甲状腺素II(FT4),H-游离甲状腺素II(FT4),化验室
955427,游离前列腺特异性抗原,H-游离前列腺特异性抗原,化验室
955428,孕酮(P),H-孕酮(P),化验室
955429,脂蛋白α,H-脂蛋白α,化验室
955430,脂溶性维生素群(A/E/K1/D2/D3/VD),H-脂溶性维生素群(A/E/K1/D2/D3/VD),化验室
955431,肿瘤TM5-男(CEA/NSE/724/CYFR21/SCC),H-肿瘤TM5-男(CEA/NSE/724/CYFR21/SCC),化验室
955432,肿瘤TM5-女(CEA/NSE/125/CYFR21/SCC),H-肿瘤TM5-女(CEA/NSE/125/CYFR21/SCC),化验室
955433,肿瘤八项组合一,H-肿瘤八项组合一,化验室
955434,肿瘤标志物CA125/CA153/HE4,H-肿瘤标志物CA125/CA153/HE4,化验室
955435,肿瘤三项(199/724/CEA),H-肿瘤三项（199/724/CEA）,化验室
955436,肿瘤四项(CEA/199/AFP/CY211),H-肿瘤四项（CEA/199/AFP/CY211),化验室
955437,肿瘤五项组合二(CEA/FERR/AFP/NSE/199),H-肿瘤五项组合二(CEA/FERR/AFP/NSE/199）,化验室
955438,肿瘤五项组合三/胰腺直肠肿标,H-肿瘤五项组合三/胰腺直肠肿标,化验室
955439,转铁蛋白TRF,H-转铁蛋白TRF,化验室
955440,自身免疫性肝病抗体八项,H-自身免疫性肝病抗体八项,化验室
955441,"总IgE(过敏),电化学发光法","H-总IgE(过敏),电化学发光法",化验室
955442,总前列腺特异性抗原,H-总前列腺特异性抗原,化验室
955443,血清淀粉酶,H-血清淀粉酶,化验室
955444,【备】人乳头瘤病毒(HPV)核酸检测(17+6),H-【备】人乳头瘤病毒（HPV）核酸检测（17+6）,化验室
955445,"降钙素(CT),电化学发光法(W)","H-降钙素(CT),电化学发光法(W)",化验室
955454,NAD+抗衰老检测,H-NAD+抗衰老检测,化验室
955455,1009NAD水平分析干血片,H-1009NAD水平分析干血片,化验室
955456,抗髓过氧化物酶抗体定量,H-抗髓过氧化物酶抗体定量,化验室
955457,髓过氧化物酶,H-髓过氧化物酶,化验室
955458,心脑血管风险六项,H-心脑血管风险六项,化验室
955459,肌酸激酶同功酶(CKMB),H-肌酸激酶同功酶(CKMB),化验室
955460,肺癌自身抗体七项,H-肺癌自身抗体七项,化验室
955461,肌酸激酶,H-肌酸激酶,化验室
955462,血管内皮生长因子VEGF,H-血管内皮生长因子VEGF,化验室
955463,【基因】高血压个体化用药基因检测,H-【基因】高血压个体化用药基因检测,化验室
955464,胃幽门螺旋杆菌耐药基因检测,H-胃幽门螺旋杆菌耐药基因检测,化验室
955465,DX1771粪便DNA肠癌甲基化早筛,H-DX1771粪便DNA肠癌甲基化早筛,化验室
955466,DX0512遗传性乳腺癌与卵巢癌基因检测,H-DX0512遗传性乳腺癌与卵巢癌基因检测,化验室
955467,DX0529遗传性结直肠癌基因检测,H-DX0529遗传性结直肠癌基因检测,化验室
955468,DX0519遗传性前列腺癌基因检测,H-DX0519遗传性前列腺癌基因检测,化验室
955469,DX0530遗传性胰腺癌基因检测,H-DX0530遗传性胰腺癌基因检测,化验室
955470,cfDNA 浓度定量检测,H-cfDNA 浓度定量检测,化验室
955471,糖龄抗衰老检测,H-糖龄抗衰老检测,化验室
955472,阿尔茨海默病六项(血浆),H-阿尔茨海默病六项（血浆）,化验室
955473,生长激素三项,H-生长激素三项,化验室
955474,他汀类药物代谢基因多态性检测,H-他汀类药物代谢基因多态性检测,化验室
955475,DNA 氧化损伤检测项目,H-DNA 氧化损伤检测项目,化验室
955476,总铁结合力,H-总铁结合力,化验室
955477,抗内皮细胞抗体,H-抗内皮细胞抗体,化验室
955478,心脑血管疾病药物40基因检测,H-心脑血管疾病药物40基因检测,化验室
955479,唾液肾上腺压力分析,H-唾液肾上腺压力分析,化验室
955480,食物不耐受特异性IgG抗体198项,H-食物不耐受特异性IgG抗体198项,化验室
955481,儿童常用药物风险评估(W),H-儿童常用药物风险评估（W）,化验室
955482,成人常用药物风险评估(W),H-成人常用药物风险评估（W）,化验室
955483,白介素8(IL-8),H-白介素8(IL-8),化验室
955484,T细胞受体检测评分/高通量免疫组库基因检测(TCR),H-T细胞受体检测评分/高通量免疫组库基因检测(TCR),化验室
955485,DX0529胃肠道肿瘤基因检测(项目金专用),H-DX0529胃肠道肿瘤基因检测（项目金专用）,化验室
955486,SNP单核苷酸多态性检查,H-SNP单核苷酸多态性检查,化验室
955487,1119营养与毒性元素分析(血),H-1119营养与毒性元素分析（血）,化验室
955488,APOE阿尔兹海默基因检测,H-APOE阿尔兹海默基因检测,化验室
955489,0816压力及抗压平衡分析(唾液),H-0816压力及抗压平衡分析（唾液）,化验室
955490,0815睡眠荷尔蒙平衡分析(唾液),H-0815睡眠荷尔蒙平衡分析（唾液）,化验室
955491,免疫球蛋白G4,H-免疫球蛋白G4,化验室
955492,肌肤基因检测,H-肌肤基因检测,化验室
955493,叶酸及营养素19基因检测,H-叶酸及营养素19基因检测,化验室
955494,遗传性肿瘤易感基因检测套餐(109基因),H-遗传性肿瘤易感基因检测套餐（109基因）,化验室
955495,NAD+及抗衰因子分析,H-NAD+及抗衰因子分析,化验室
955496,脂溶性维生素及维生素K2检测,H-脂溶性维生素及维生素K2检测,化验室
955497,睡眠障碍及抑郁神经递质分析,H-睡眠障碍及抑郁神经递质分析,化验室
955498,心血管风险评估质谱检测,H-心血管风险评估质谱检测,化验室
955499,27种元素质谱检测分析,H-27种元素质谱检测分析,化验室
955960,CS01自体18年脂肪干细胞存储,H-CS01自体18年脂肪干细胞存储,化验室
955961,CS02自体30年脂肪干细胞存储,H-CS02自体30年脂肪干细胞存储,化验室
955962,CS03自体18年皮肤成纤维细胞存储,H-CS03自体18年皮肤成纤维细胞存储,化验室
955963,CS04自体30年皮肤成纤维细胞存储,H-CS04自体30年皮肤成纤维细胞存储,化验室
955964,CS05自体18年脐带间充质干细胞存储,H-CS05自体18年脐带间充质干细胞存储,化验室
955965,CS06自体30年脐带间充质干细胞存储,H-CS06自体30年脐带间充质干细胞存储,化验室
955966,CS07自体18年胎盘间充质干细胞存储,H-CS07自体18年胎盘间充质干细胞存储,化验室
955967,CS08自体30年胎盘间充质干细胞存储,H-CS08自体30年胎盘间充质干细胞存储,化验室
955968,CS09自体18年脐带血间充质干细胞存储,H-CS09自体18年脐带血间充质干细胞存储,化验室
955969,CS10自体30年脐带血间充质干细胞存储,H-CS10自体30年脐带血间充质干细胞存储,化验室
955970,CS11自体外周血18年免疫细胞存储,H-CS11自体外周血18年免疫细胞存储,化验室
955971,CS12自体外周血30年免疫细胞存储,H-CS12自体外周血30年免疫细胞存储,化验室
955972,CS13自体18年IPSC细胞存储,H-CS13自体18年IPSC细胞存储,化验室
955973,CS14自体30年IPSC细胞存储,H-CS14自体30年IPSC细胞存储,化验室
955974,免疫球蛋白G4,,化验室
956001,TS宫颈癌筛查,H-TS宫颈癌筛查,TS检查
956002,12导心电图检查,H-12导心电图检查,心电室
956003,常规检查,H-常规检查,一般检查
956004,动脉硬化检测,H-动脉硬化检测,动脉硬化
956005,耳鼻喉检查,H-耳鼻喉检查,耳鼻喉科
956006,妇科一般检查,H-妇科一般检查,妇科
956007,妇科总检,H-妇科总检,妇科总检室
956009,口腔基础检查,H-口腔基础检查,口腔科
956010,内科一般检查,H-内科一般检查,内科
956011,人体成份分析,H-人体成份分析,人体成份
956012,外科男一般检查,H-外科男一般检查,外科
956013,外科女一般检查,H-外科女一般检查,外科
956014,眼部基础检查,H-眼部基础检查,眼科
956015,重金属检测-手掌,H-重金属检测-手掌,重金属检测
956016,骨密度检查,H-骨密度检查,骨密度
956017,24小时动态心电图( HOLTER),H-24小时动态心电图( HOLTER),功能检测
956018,24小时动态血压监测,H-24小时动态血压监测,功能检测
956019,神经肌电图,H-神经肌电图,心电室
956020,定制健康增值服务,H-定制健康增值服务,总检室
956021,美国GE动态心电监护24H( HOLTER)押金,H-美国GE动态心电监护24H( HOLTER)押金,一般检查
956022,基础体检(身高体重血压血糖),H-基础体检（身高体重血压血糖）,一般检查
956023,双能骨密度检查,H-双能骨密度检查,双能骨密度
956024,体检健康问诊,H-体检健康问诊,健康问诊
956025,血管内皮检测,H-血管内皮检测,血管内皮
956026,阴道镜检查(六大机能检测),H-阴道镜检查（六大机能检测）,一般检查
956027,rigiscan阴茎海绵体血流检测,H-rigiscan阴茎海绵体血流检测,外科
956028,眼底检查,H-眼底检查,眼科特检
956029,眼底照相,H-眼底照相,眼科特检
956030,动态心电图监测(4H/24H/72H),H-动态心电图监测（4H/24H/72H）,心电室
956031,动态心电图72小时监测,H-动态心电图72小时监测,心电室
956032,动态心电图4小时监测,H-动态心电图4小时监测,心电室
956033,动态心电图24小时监测,H-动态心电图24小时监测,心电室
956034,动脉内膜功能检测,H-动脉内膜功能检测,一般检查
956035,PSY健康心理测评,H-PSY健康心理测评,功能检测
956036,IPN 踏车(心脏功能检测)+心脏压力检测,H-IPN 踏车（心脏功能检测）+心脏压力检测,心电室
956037,24小时压力评估,H-24小时压力评估,功能检测
956038,心肺运动试验(CPET),H-心肺运动试验（CPET）,心电室
956039,运动负荷心电图(心脏负荷试验),H-运动负荷心电图（心脏负荷试验),心电室
956040,心肺运动试验-静态肺功能检查,H-心肺运动试验-静态肺功能检查,心电室
956041,阴茎三维多普勒血流测定,H-阴茎三维多普勒血流测定,功能检测
956042,男性阴茎敏感度(振动与温度)检测,H-男性阴茎敏感度（振动与温度）检测,功能检测
956043,脑早衰与睡眠体检量表评估,,功能检测
957001,废,,DR（X线）
957002,废,,MR核磁共振
957003,3DASL脑灌注成像(MR),H-3DASL脑灌注成像(MR),MR核磁共振
957004,内听道MR水成像,H-内听道MR水成像,MR核磁共振
957005,磁共振灌注成像(PWI)MR,H-磁共振灌注成像(PWI)MR,MR核磁共振
957006,磁共振全身弥散成像DWI,H-磁共振全身弥散成像DWI,MR核磁共振
957007,单部位核磁MR平扫,H-单部位核磁MR平扫,MR核磁共振
957008,骶髂关节MR平扫,H-骶髂关节MR平扫,MR核磁共振
957009,骶尾椎MR平扫,H-骶尾椎MR平扫,MR核磁共振
957010,腰椎椎间盘MR平扫,H-腰椎椎间盘MR平扫,MR核磁共振
957011,肝脏特异性对比剂MR核磁平扫+增强,H-肝脏特异性对比剂MR核磁平扫+增强,MR核磁共振
957012,肝脏特异性对比剂MR核磁增强(不含平扫),H-肝脏特异性对比剂MR核磁增强（不含平扫）,MR核磁共振
957013,高分辨率血管壁成像,H-高分辨率血管壁成像,MR核磁共振
957014,单部位核磁MR平扫+增强,H-单部位核磁MR平扫+增强,MR核磁共振
957015,鼻咽部MR平扫,H-鼻咽部MR平扫,MR核磁共振
957016,鼻咽部MR平扫+增强,H-鼻咽部MR平扫+增强,MR核磁共振
957017,鼻咽部MR增强,H-鼻咽部MR增强,MR核磁共振
957018,颈部MR平扫,H-颈部MR平扫,MR核磁共振
957019,颈部MR平扫+增强,H-颈部MR平扫+增强,MR核磁共振
957020,颈部MR增强,H-颈部MR增强,MR核磁共振
957021,颈椎椎间盘MR平扫,H-颈椎椎间盘MR平扫,MR核磁共振
957022,颈部TOF-MRA成像,H-颈部TOF-MRA成像,MR核磁共振
957023,颈部CE-MRA成像(增强),H-颈部CE-MRA成像（增强）,MR核磁共振
957024,颈椎椎体MR平扫,H-颈椎椎体MR平扫,MR核磁共振
957025,颈椎椎体MR平扫+增强,H-颈椎椎体MR平扫+增强,MR核磁共振
957026,颈椎椎体MR增强,H-颈椎椎体MR增强,MR核磁共振
957027,双髋关节MR平扫,H-双髋关节MR平扫,MR核磁共振
957028,颅内血管磁共振高分辨管壁成像,H-颅内血管磁共振高分辨管壁成像,MR核磁共振
957029,泌尿系统MRI平扫,H-泌尿系统MRI平扫,MR核磁共振
957030,泌尿系统MRI平扫+增强,H-泌尿系统MRI平扫+增强,MR核磁共振
957031,泌尿系统水成像(MRU),H-泌尿系统水成像(MRU),MR核磁共振
957032,脑垂体MR平扫,H-脑垂体MR平扫,MR核磁共振
957033,脑垂体MR平扫+增强,H-脑垂体MR平扫+增强,MR核磁共振
957034,脑垂体MR增强,H-脑垂体MR增强,MR核磁共振
957035,脑磁共振灌注成像(PWI)MR,H-脑磁共振灌注成像(PWI)MR,MR核磁共振
957036,内听道MR平扫,H-内听道MR平扫,MR核磁共振
957037,盆腔MR平扫,H-盆腔MR平扫,MR核磁共振
957038,盆腔MR平扫+增强,H-盆腔MR平扫+增强,MR核磁共振
957039,盆腔MR增强,H-盆腔MR增强,MR核磁共振
957040,其他部位MRA,H-其他部位MRA,MR核磁共振
957041,其他部位MR平扫,H-其他部位MR平扫,MR核磁共振
957042,其他部位MR平扫+增强,H-其他部位MR平扫+增强,MR核磁共振
957043,其他部位MR增强,H-其他部位MR增强,MR核磁共振
957044,前列腺MR平扫,H-前列腺MR平扫,MR核磁共振
957045,前列腺MR平扫+增强,H-前列腺MR平扫+增强,MR核磁共振
957046,前列腺MR增强,H-前列腺MR增强,MR核磁共振
957047,全脊椎MR平扫,H-全脊椎MR平扫,MR核磁共振
957048,全身MR平扫(头/颈/胸/上下腹部/盆腔六部位),H-全身MR平扫（头/颈/胸/上下腹部/盆腔六部位）,MR核磁共振
957049,乳腺MR平扫,H-乳腺MR平扫,MR核磁共振
957050,乳腺MR平扫+增强,H-乳腺MR平扫+增强,MR核磁共振
957051,乳腺MR增强,H-乳腺MR增强,MR核磁共振
957052,上腹部(肝胆脾胰)MR平扫,H-上腹部(肝胆脾胰)MR平扫,MR核磁共振
957053,上腹部(肝胆脾胰)MR平扫+增强,H-上腹部(肝胆脾胰)MR平扫+增强,MR核磁共振
957054,上腹部(肝胆脾胰)MR增强,H-上腹部(肝胆脾胰)MR增强,MR核磁共振
957055,MRN(臂丛神经成像),H-MRN（臂丛神经成像）,MR核磁共振
957056,MRN(腰骶丛神经成像),H-MRN（腰骶丛神经成像）,MR核磁共振
957057,双肾MR平扫,H-双肾MR平扫,MR核磁共振
957058,双肾MR平扫+增强,H-双肾MR平扫+增强,MR核磁共振
957059,双肾MR增强,H-双肾MR增强,MR核磁共振
957060,双肾上腺MR平扫,H-双肾上腺MR平扫,MR核磁共振
957061,双肾上腺MR平扫+增强,H-双肾上腺MR平扫+增强,MR核磁共振
957062,头颅TOF- MRA成像,H-头颅TOF- MRA成像,MR核磁共振
957063,头颅CE-MRA成像(增强),H-头颅CE-MRA成像（增强）,MR核磁共振
957064,头颅PC-MRV成像,H-头颅PC-MRV成像,MR核磁共振
957065,头颅MR平扫,H-头颅MR平扫,MR核磁共振
957066,头颅MR平扫+头颅MRA+脑灌注成像,H-头颅MR平扫+头颅MRA+脑灌注成像,MR核磁共振
957067,头颅MR平扫+增强,H-头颅MR平扫+增强,MR核磁共振
957068,头颅MR增强,H-头颅MR增强,MR核磁共振
957069,右肘关节MR平扫,H-右肘关节MR平扫,MR核磁共振
957070,双下肢血管CE-MRA成像(增强),H-双下肢血管CE-MRA成像（增强）,MR核磁共振
957071,鞍区MR平扫,H-鞍区MR平扫,MR核磁共振
957072,胸部(纵膈)MR平扫,H-胸部（纵膈）MR平扫,MR核磁共振
957073,胸部(纵隔)MR平扫+增强,H-胸部（纵隔）MR平扫+增强,MR核磁共振
957074,胸椎椎体MR平扫,H-胸椎椎体MR平扫,MR核磁共振
957075,胸椎椎体MR增强,H-胸椎椎体MR增强,MR核磁共振
957076,胸椎椎间盘MR平扫,H-胸椎椎间盘MR平扫,MR核磁共振
957077,胸椎椎体MR平扫+增强,H-胸椎椎体MR平扫+增强,MR核磁共振
957078,腰椎椎体MR平扫,H-腰椎椎体MR平扫,MR核磁共振
957079,腰椎椎体MR平扫+增强,H-腰椎椎体MR平扫+增强,MR核磁共振
957080,腰椎椎体MR增强,H-腰椎椎体MR增强,MR核磁共振
957081,胰胆管水成像(MRCP),H-胰胆管水成像(MRCP),MR核磁共振
957082,右踝关节MR平扫,H-右踝关节MR平扫,MR核磁共振
957083,右肩关节MR平扫,H-右肩关节MR平扫,MR核磁共振
957084,右膝关节MR平扫,H-右膝关节MR平扫,MR核磁共振
957085,右足MR平扫,H-右足MR平扫,MR核磁共振
957086,左肘关节MR平扫,H-左肘关节MR平扫,MR核磁共振
957087,胸部(纵隔)MR增强,H-胸部（纵隔）MR增强,MR核磁共振
957088,左踝关节MR平扫,H-左踝关节MR平扫,MR核磁共振
957089,左肩关节MR平扫,H-左肩关节MR平扫,MR核磁共振
957090,左膝关节MR平扫,H-左膝关节MR平扫,MR核磁共振
957091,左足MR平扫,H-左足MR平扫,MR核磁共振
957092,脑龄分析MR,H-脑龄分析MR,MR核磁共振
957093,左腕关节MR平扫,H-左腕关节MR平扫,MR核磁共振
957094,右腕关节MR平扫,H-右腕关节MR平扫,MR核磁共振
957095,鞍区MR平扫＋增强,H-鞍区MR平扫＋增强,MR核磁共振
957096,鞍区MR增强,H-鞍区MR增强,MR核磁共振
957097,右手MR平扫,H-右手MR平扫,MR核磁共振
957098,左手MR平扫,H-左手MR平扫,MR核磁共振
957099,泌尿系MR增强,H-泌尿系MR增强,MR核磁共振
957100,胰腺MR增强,H-胰腺MR增强,MR核磁共振
957101,面颅MR增强,H-面颅MR增强,MR核磁共振
957102,双肾上腺MR增强,H-双肾上腺MR增强,MR核磁共振
957103,内听道MR增强,H-内听道MR增强,MR核磁共振
957104,膀胱MR增强,H-膀胱MR增强,MR核磁共振
957105,眼眶MR增强,H-眼眶MR增强,MR核磁共振
957106,左前臂MR平扫,H-左前臂MR平扫,MR核磁共振
957107,眼眶MR平扫,H-眼眶MR平扫,MR核磁共振
957108,右上臂MR平扫,H-右上臂MR平扫,MR核磁共振
957109,左上臂MR平扫,H-左上臂MR平扫,MR核磁共振
957110,右前臂MR平扫,H-右前臂MR平扫,MR核磁共振
957111,颞颌关节MR平扫,H-颞颌关节MR平扫,MR核磁共振
957112,左下肢(胫腓骨段)MR平扫,H-左下肢（胫腓骨段）MR平扫,MR核磁共振
957113,膀胱MR平扫,H-膀胱MR平扫,MR核磁共振
957114,右下肢(胫腓骨段)MR平扫,H-右下肢（胫腓骨段）MR平扫,MR核磁共振
957115,胰腺MR平扫,H-胰腺MR平扫,MR核磁共振
957116,左下肢(股骨段)MR平扫,H-左下肢（股骨段）MR平扫,MR核磁共振
957117,右下肢(股骨段)MR平扫,H-右下肢（股骨段）MR平扫,MR核磁共振
957118,面颅MR平扫,H-面颅MR平扫,MR核磁共振
957119,双肾血管CE-MRA成像(增强),H-双肾血管CE-MRA成像（增强）,MR核磁共振
957120,脑磁敏感(SWI)成像,H-脑磁敏感（SWI）成像,MR核磁共振
957121,左上肢CE-MRA成像(增强),H-左上肢CE-MRA成像（增强）,MR核磁共振
957122,心脏MR成像,H-心脏MR成像,MR核磁共振
957123,右上肢CE-MRA成像(增强),H-右上肢CE-MRA成像（增强）,MR核磁共振
957124,MRM(脊髓成像),H-MRM（脊髓成像）,MR核磁共振
957125,胰腺MR平扫+增强,H-胰腺MR平扫+增强,MR核磁共振
957126,眼眶MR平扫+增强,H-眼眶MR平扫+增强,MR核磁共振
957127,内听道MR平扫+增强,H-内听道MR平扫+增强,MR核磁共振
957128,面颅MR平扫+增强,H-面颅MR平扫+增强,MR核磁共振
957129,膀胱MR平扫+增强,H-膀胱MR平扫+增强,MR核磁共振
957130,全腹MR成像(上中下腹部),H-全腹MR成像（上中下腹部）,MR核磁共振
957131,MRI 脑灌注加权成像,H-MRI 脑灌注加权成像,MR核磁共振
957132,MRI 磁共振质子密度脂肪分数,H-MRI 磁共振质子密度脂肪分数,MR核磁共振
958001,单部位DR检查,H-单部位DR检查,DR（X线）
958002,骶尾椎正侧位DR,H-骶尾椎正侧位DR,DR（X线）
958003,腹部立位DR,H-腹部立位DR,DR（X线）
958004,足正侧位DR(左侧),H-足正侧位DR（左侧）,DR（X线）
958005,跟骨侧位DR(右侧),H-跟骨侧位DR（右侧）,DR（X线）
958006,跟骨侧位DR(左侧),H-跟骨侧位DR（左侧）,DR（X线）
958007,骨盆正位DR,H-骨盆正位DR,DR（X线）
958008,胫腓骨正侧位DR(左侧),H-胫腓骨正侧位DR（左侧）,DR（X线）
958009,踝关节正侧位DR(右侧),H-踝关节正侧位DR（右侧）,DR（X线）
958010,踝关节正侧位DR(左侧),H-踝关节正侧位DR（左侧）,DR（X线）
958011,肱骨正侧位DR(右侧),H-肱骨正侧位DR（右侧）,DR（X线）
958012,肩关节正位DR(右侧),H-肩关节正位DR（右侧）,DR（X线）
958013,肩关节正位DR(左侧),H-肩关节正位DR（左侧）,DR（X线）
958014,颈椎侧位DR,H-颈椎侧位DR,DR（X线）
958015,颈椎腰椎正侧位DR,H-颈椎腰椎正侧位DR,DR（X线）
958016,颈椎张口位DR,H-颈椎张口位DR,DR（X线）
958017,颈椎正侧位DR,H-颈椎正侧位DR,DR（X线）
958018,髋关节正位DR(双侧),H-髋关节正位DR（双侧）,DR（X线）
958019,其他单部位DR,H-其他单部位DR,DR（X线）
958020,其他两部位DR检查,H-其他两部位DR检查,DR（X线）
958021,乳腺ABUS全容积检查,H-乳腺ABUS全容积检查,MG乳腺钼靶
958022,乳腺钼靶检查,H-乳腺钼靶检查,MG乳腺钼靶
958023,乳腺钼靶体检,H-乳腺钼靶体检,MG乳腺钼靶
958024,手正斜位DR(双侧),H-手正斜位DR（双侧）,DR（X线）
958025,手正斜位DR(右侧),H-手正斜位DR（右侧）,DR（X线）
958026,手正斜位DR(左侧),H-手正斜位DR（左侧）,DR（X线）
958027,手指正侧位DR,H-手指正侧位DR,DR（X线）
958028,尺桡骨正侧位DR(左侧),H-尺桡骨正侧位DR（左侧）,DR（X线）
958029,腕关节正侧位DR(右侧),H-腕关节正侧位DR（右侧）,DR（X线）
958030,腕关节正侧位DR(左侧),H-腕关节正侧位DR（左侧）,DR（X线）
958031,胫腓骨正侧位DR(右侧),H-胫腓骨正侧位DR（右侧）,DR（X线）
958032,膝关节正侧位DR(右侧),H-膝关节正侧位DR（右侧）,DR（X线）
958033,膝关节正侧位DR(左侧),H-膝关节正侧位DR（左侧）,DR（X线）
958034,胸部正位DR,H-胸部正位DR,DR（X线）
958035,胸椎正侧位DR,H-胸椎正侧位DR,DR（X线）
958036,腰椎正侧位DR,H-腰椎正侧位DR,DR（X线）
958037,肱骨正侧位DR(左侧),H-肱骨正侧位DR（左侧）,DR（X线）
958038,肘关节正侧位DR(右侧),H-肘关节正侧位DR（右侧）,DR（X线）
958039,肘关节正侧位DR(左侧),H-肘关节正侧位DR（左侧）,DR（X线）
958040,足正侧位DR(右侧),H-足正侧位DR（右侧）,DR（X线）
958041,足正斜位DR(右侧),H-足正斜位DR（右侧）,DR（X线）
958042,足正斜位DR(左侧),H-足正斜位DR（左侧）,DR（X线）
958043,尺桡骨正侧位DR(右侧),H-尺桡骨正侧位DR（右侧）,DR（X线）
958044,肋骨正位DR,H-肋骨正位DR,DR（X线）
958045,头颅正侧位DR,H-头颅正侧位DR,DR（X线）
958046,骶髂关节左右斜位DR,H-骶髂关节左右斜位DR,DR（X线）
958047,腹部正侧卧位DR,H-腹部正侧卧位DR,DR（X线）
958048,喉部正侧位DR,H-喉部正侧位DR,DR（X线）
958049,下颌骨正侧位DR,H-下颌骨正侧位DR,DR（X线）
958050,肋骨斜位DR,H-肋骨斜位DR,DR（X线）
958051,泌尿系平片DR,H-泌尿系平片DR,DR（X线）
958052,鼻咽部侧位DR,H-鼻咽部侧位DR,DR（X线）
958053,鼻骨侧位DR,H-鼻骨侧位DR,DR（X线）
958054,甲状腺正位DR,H-甲状腺正位DR,DR（X线）
958055,手正侧位DR(左侧),H-手正侧位DR（左侧）,DR（X线）
958056,腰椎左右斜位DR,H-腰椎左右斜位DR,DR（X线）
958057,颈椎正侧左右斜位DR,H-颈椎正侧左右斜位DR,DR（X线）
958058,双手正位DR,H-双手正位DR,DR（X线）
958059,股骨正侧位DR(右侧),H-股骨正侧位DR（右侧）,DR（X线）
958060,锁骨后前位DR(左侧),H-锁骨后前位DR（左侧）,DR（X线）
958061,手正侧位DR(右侧),H-手正侧位DR（右侧）,DR（X线）
958062,胸部侧位DR,H-胸部侧位DR,DR（X线）
958063,骶髂关节正位DR,H-骶髂关节正位DR,DR（X线）
958064,心脏正位DR,H-心脏正位DR,DR（X线）
958065,颈椎过伸过曲位DR,H-颈椎过伸过曲位DR,DR（X线）
958066,股骨正侧位DR(左侧),H-股骨正侧位DR（左侧）,DR（X线）
958067,锁骨后前位DR(右侧),H-锁骨后前位DR（右侧）,DR（X线）
958068,尾椎侧位DR,H-尾椎侧位DR,DR（X线）
958069,副鼻窦瓦氏位DR,H-副鼻窦瓦氏位DR,DR（X线）
958070,眼眶正侧位DR,H-眼眶正侧位DR,DR（X线）
966150,白介素4(IL-4),H-白介素4(IL-4),化验室
977005,测试项目,,化验室
977006,PET套餐内低剂量CT,H-PET套餐内低剂量CT,CT室
977007,其他部位CT平扫+增强,H-其他部位CT平扫+增强,CT室
977008,1131氧化压力分析(血液&尿液),H-1131氧化压力分析（血液&尿液）,化验室
977009,"17α-羟基孕酮(17α-OHP),化学发光法(W)","H-17α-羟基孕酮(17α-OHP),化学发光法（W）",化验室
977010,24小时尿尿酸,H-24小时尿尿酸,化验室
977011,瞬感14天动态血糖监测,H-瞬感14天动态血糖监测,功能检测
977012,泛癌风险评估检查,H-泛癌风险评估检查,化验室
977013,废弃 停用,H-废弃 停用,化验室
977014,NK细胞活性检测(W),H-NK细胞活性检测(W),化验室
FKZJ,妇科总检(体检),妇科总检（体检）,妇科总检室
JL,总检结论,,总检室
WZ,体检健康问诊,,健康问诊
ZC,营养早餐,,餐厅
ZY,中医,,中医
