standard_code,gender,age_min,age_max,ref_min,ref_max,unit,notes
030101,all,0,150,3.5,9.5,10^9/L,
030102,all,0,150,3.8,5.1,10^12/L,
030103,all,0,150,115.0,150.0,g/L,
030104,all,0,150,35.0,45.0,%,
030105,all,0,150,125.0,350.0,10^9/L,
030106,all,0,150,0.108,0.282,%,
030107,all,0,150,80.0,100.0,fL,
030108,all,0,150,27.0,34.0,pg,
030109,all,0,150,316.0,354.0,g/L,
030110,all,0,150,11.0,15.0,%,
030111,all,0,150,7.8,12.5,fL,
030112,all,0,150,9.0,17.0,fL,
030113,all,0,150,20.0,50.0,%,
030115,all,0,150,40.0,75.0,%,
030116,all,0,150,1.1,3.2,10^9/L,
030118,all,0,150,1.8,6.3,10^9/L,
030123,all,0,150,0.1,0.6,10^9/L,
030124,all,0,150,3.0,10.0,%,
030125,all,0,150,0.02,0.52,10^9/L,
030126,all,0,150,0.0,0.06,10^9/L,
030127,all,0,150,0.4,8.0,%,
030128,all,0,150,0.0,1.0,%,
030133,all,0,150,39.0,46.0,fL,
030136,all,0,150,13.0,43.0,%,
030201,all,0,150,5.0,8.0,,
030202,all,0,150,,,,-
030205,all,0,150,1.01,1.03,,
030207,all,0,150,,,,-
030208,all,0,150,,,,-
030209,all,0,150,,,,normal
030210,all,0,150,,,,-
030212,all,0,150,,,,淡黄色
030213,all,0,150,,,,normal
030216,all,0,150,,25.0,/μL,<25
030217,all,0,150,,1.0,/μl,<1
030221,all,0,150,,31.0,/μl,<31
030223,all,0,150,,,,normal
030224,all,0,150,,23.0,/μl,<23
030229,all,0,150,,,,-
030232,all,0,150,468.0,934.0,mOsm/kg,
030240,all,0,150,,,,-
030302,all,0,150,0.0,5.0,%,
030307,all,0,150,3.4,,ng/ml,≥3.40
030350,all,0,150,,,,-
030403,all,0,150,,,,无
030404,all,0,150,,,/LP,阴性（-）
030406,all,0,150,0.0,2.0,/HP,
030407,all,0,150,0.0,1.0,/HP,
030409,all,0,150,,,/LP,未见
030410,all,0,150,,,/LP,未见
030411,all,0,150,,,/LP,未见
030412,all,0,150,,,/LP,未见
030413,all,0,150,,,/LP,未见
030414,all,0,150,,,/LP,未见
030415,all,0,150,,,/LP,未见
030416,all,0,150,,,/LP,未见
030417,all,0,150,,,/LP,未见
030418,all,0,150,,,/LP,未见
030419,all,0,150,,,/LP,未见
030420,all,0,150,,,/LP,未见
030421,all,0,150,,,/LP,未见
030422,all,0,150,,,/LP,未见
030426,all,0,150,0.0,100.0,ng/mL,
030701,all,0,150,0.7,4.0,g/L,
030702,all,0,150,7.0,16.0,g/L,
030703,all,0,150,0.4,2.3,g/L,
030704,all,0,150,0.0,100.0,IU/mL,
030803,all,0,150,373.5,557.2,mg/L,
030804,all,0,150,6.6,21.6,,
030821,all,0,150,46.0,84.0,mg/L,
030822,all,0,150,26.4,50.4,mg/L,
030823,all,0,150,800.0,1290.0,μg/L,
030824,all,0,150,3.7,7.3,mg/L,
030825,all,0,150,0.0,100.0,μg/L,
040103,all,0,150,3.9,6.1,mmol/L,
040104,all,0,150,0.0,1.0,,
040201,all,0,150,0.0,5.2,mmol/L,
040202,all,0,150,0.0,1.7,mmol/L,
040203,all,0,150,1.0,1.7,mmol/L,
040204,all,0,150,1.77,3.4,mmol/L,
040205,all,0,150,1.2,1.6,g/L,
040206,all,0,150,0.68,1.12,g/L,
040207,all,0,150,0.0,75.0,nmol/L,
040208,all,0,150,0.0,4.0,,
040209,all,0,150,,,mmol/L,"低中危人群应<4.15；
高危人群应<3.37
；极高危人群应<2.59；
超高危人群应<2.20。"
040211,all,0,150,,,mmol/L,用于心脏康复项目评估
040212,all,0,150,,,mmol/L,＜1.98 （餐后）
040213,all,0,150,,,mmol/L,用于心脏康复项目评估
040214,all,0,150,,,mmol/L,用于心脏康复项目评估
040216,all,0,150,,,g/L,用于心脏康复项目评估
040217,all,0,150,,,nmol/L,用于心脏康复项目评估
040218,all,0,150,,,g/L,用于心脏康复项目评估
040301,all,0,150,3.5,5.3,mmol/L,
040302,all,0,150,136.0,145.0,mmol/L,
040303,all,0,150,98.0,107.0,mmol/L,
040304,all,0,150,2.11,2.52,mmol/L,
040310,all,0,150,0.81,1.45,mmol/L,
040311,all,0,150,0.66,1.07,mmol/L,
040401,all,0,150,2.6,7.5,mmol/L,
040402,all,0,150,41.0,73.0,μmol/L,
040403,all,0,150,155.0,357.0,μmol/L,
040405,all,0,150,0.61,0.95,mg/L,
040407,all,0,150,90.0,,,≥90.00
040501,all,0,150,7.0,40.0,U/L,
040502,all,0,150,13.0,45.0,U/L,
040504,all,0,150,0.0,21.0,μmol/L,
040505,all,0,150,0.0,8.0,μmol/L,
040506,all,0,150,0.0,17.3,μmol/L,
040507,all,0,150,65.0,85.0,g/L,
040508,all,0,150,40.0,55.0,g/L,
040509,all,0,150,1.2,2.4,,
040510,all,0,150,20.0,40.0,g/L,
040514,all,0,150,5320.0,12920.0,U/L,
040517,all,0,150,,,%,"4.0-5.6（IFG<6.1mmol/L, 5.7≤HbA1c<6.5% 考虑糖尿病前期）"
040519,all,0,150,,,μmol/L,≤286.0
040699,all,0,150,7.0,45.0,U/L,
040701,all,0,150,40.0,129.0,U/L,
040702,all,0,150,0.0,5.8,IU/mL,
040711,all,0,150,0.0,2.0,,
040717,all,0,150,22.0,29.0,,
040723,all,0,150,0.0,100.0,U/L,
040724,all,0,150,75.0,125.0,%,
040725,all,0,150,22.6,32.1,s,
040726,all,0,150,9.0,14.0,s,
040727,all,0,150,2.0,4.0,g/L,
040728,all,0,150,14.0,21.0,s,
040729,all,0,150,70.0,130.0,%,
040730,all,0,150,0.8,1.24,,
040750,all,0,150,,400.0,Copies/mL,< 400
040902,all,0,150,50.0,310.0,U/L,
040903,all,0,150,0.0,25.0,U/L,
040909,all,0,150,0.0,3.61,ng/ml,
041002,all,0,150,,1.0,S/CO,"<1(美国CDC推荐:S/CO>5.0时,未经RIBA实验验证的Anti-HCV真阳性的可能性为95%)"
04209,all,0,150,1.0,,,>1.00
050101,all,0,150,,0.05,IU/mL,<0.05
050102,all,0,150,,10.0,mIU/mL,<10.0
050103,all,0,150,1.0,,S/CO,>1.0
050104,all,0,150,,1.0,S/CO,<1.0
050105,all,0,150,,1.0,S/CO,<1.0
050108,all,0,150,,1.0,COI,<1.0
050109,all,0,150,,,IU/mL,检测最低下限为10IU/mL
050201,all,0,150,,0.05,COI,<0.05
050202,all,0,150,,10.0,U/L,<10
050203,all,0,150,1.0,,COI,>1.0
050204,all,0,150,,1.0,COI,<1.0
050208,all,0,150,,1.0,COI,<1.0
050603,all,0,150,0.27,4.2,μIU/mL,
050703,all,0,150,12.0,22.0,pmol/L,
050704,all,0,150,,,μg/mL,男或非孕女性：13.00-39.00；妊娠末三个月女：47.00-59.00；妊娠女：27.00-66.00
050801,all,0,150,0.0,20.0,IU/mL,
050803,all,0,150,0.0,200.0,IU/mL,
050804,all,0,150,0.0,5.0,U/mL,
050805,all,0,150,,5.0,mg/L,<5
050806,all,0,150,0.0,2.7,ng/mL,
050807,all,0,150,,,ng/mL,"0.00-4.00(4-10参看fPSA/tPSA,>10前列腺癌风险高)"
050810,all,0,150,4.79,23.3,ng/mL,
050811,all,0,150,0.084,0.481,ng/mL,
050812,all,0,150,,,ng/mL,卵泡期:＜0.05-0.193；排卵期：0.055-4.14；黄体期:4.11-14.5；妊娠早期:11.0-44.3；妊娠中期:25.4-83.3；妊娠晚期:58.7-214.0；绝经期后:<0.05-0.126
050813,all,0,150,,,pg/mL,卵泡期:30.9-90.4；排卵期:60.4-533.0；黄体期:60.4-232.0；绝经期:＜5.0-138.0
050814,all,0,150,,,mIU/mL,卵泡期:2.4-12.6；排卵期:14.00-95.6；黄体期:1.00-11.40；绝经期:7.70-58.50
050815,all,0,150,,,mIU/mL,卵泡期:3.5-12.5;排卵期:4.7-21.5;黄体期:1.7-7.7;绝经期:25.8-134.8
050816,all,0,150,26.5,253.3,μg/dL,
050903,all,0,150,0.0,6.5,ng/mL,
050905,all,0,150,,,ng/mL,用于计算fPSA/tPSA
0509806,all,0,150,,,,tPSA在4-10之间时，≤0.25前列腺癌风险高，>0.25前列腺增生风险高。检测用于评估是否需要前列腺活检的建议。
051001,all,0,150,0.0,34.0,U/mL,
051002,all,0,150,0.0,35.0,U/mL,
051003,all,0,150,0.0,25.0,U/mL,
051004,all,0,150,0.0,10.0,U/mL,
051005,all,0,150,0.0,6.9,U/mL,
051006,all,0,150,0.0,16.3,ng/mL,
051406,all,0,150,0.0,15.0,μmol/L,
051407,all,0,150,0.0,5.0,mg/L,
051408,all,0,150,120.0,250.0,U/L,
051409,all,0,150,72.0,182.0,U/L,
051410,all,0,150,40.0,200.0,U/L,
051411,all,0,150,0.0,25.0,U/L,
051412,all,0,150,0.0,106.0,ng/mL,
051413,all,0,150,,,ng/mL,"0.000-0.014（≤0.014 健康参考值 ； 
0.015-0.052 心肌损伤 ； 
＞0.052 心梗高风险 ）"
051414,all,0,150,0.0,125.0,pg/mL,
051415,all,0,150,3.1,20.5,ng/mL,
051416,all,0,150,187.0,883.0,pg/mL,
051417,all,0,150,30.1,100.0,ng/ml,
051419,all,0,150,,1.0,S/CO,<1.0(灰区0.9-1.2；阳性≥1)
051421,all,0,150,1.0,7.8,pmol/L,
051422,all,0,150,,1.0,U/L,<1
051423,all,0,150,,,ng/mL,PGⅠ<40 ng/mL时可疑阳性，其它结果请结合PGⅠ/PGⅡ比值。
051424,all,0,150,,,ng/mL,用于计算PG Ⅰ/Ⅱ
051425,all,0,150,,1.0,,<1.0
051426,all,0,150,32.11,68.96,pmol/L,
051427,all,0,150,0.0,0.105,ug/L,
051428,all,0,150,0.0,3.3,ng/mL,
051429,all,0,150,0.0,69.2,pg/mL,
051430,all,0,150,0.0,175.0,ng/mL,
051432,all,0,150,,,ng/ml,女||35岁-39岁||0.33-7.21
051433,all,0,150,,,AU/mL,阴性||<10.00 灰区||10.00-14.00 阳性||≥14.00
051434,all,0,150,,,AU/mL,阴性:＜0.7；不确定：≥0.7-＜1.0；阳性：≥1.0 。
051441,all,0,150,,,mIU/mL,非孕女性:0-5
051442,all,0,150,85.0,230.0,ng/ml,
051446,all,0,150,0.0,11.4,%,
051447,all,0,150,0.0,29.9,%,
051451,all,0,150,1.0,10.0,ng/ml,
051452,all,0,150,3.8,39.7,ng/ml,
051453,all,0,150,5.2,72.1,ng/ml,
051457,all,0,150,12.9,253.1,ng/ml,
051459,all,0,150,4.0,,ng/ml,>4
051554,all,0,150,,,,阴性（-）
051555,all,0,150,,,,阴性(-)
051556,all,0,150,,,,阴性（-）
051557,all,0,150,,,,阴性（-）
051558,all,0,150,,,,阴性（-）
051568,all,0,150,,,,阴性（-）
051569,all,0,150,,,,阴性（-）
051570,all,0,150,,,,阴性（-）
051571,all,0,150,,,,阴性（-）
051572,all,0,150,,,,阴性（-）
051573,all,0,150,,,,阴性（-）
051574,all,0,150,,,,阴性（-）
051575,all,0,150,,,,阴性（-）
051576,all,0,150,,,,阴性（-）
051578,all,0,150,,,,阴性（-）
051579,all,0,150,,,,阴性（-）
051580,all,0,150,,,,阴性（-）
051581,all,0,150,,,,阴性（-）
051595,all,0,150,,160.0,pg/mL,<160.00
051596,all,0,150,,,ng/L,≤60.00
051601,all,0,150,,,%,成人||50-84
051602,all,0,150,,,%,成人||27-51
051603,all,0,150,,,%,成人||15-44
051604,all,0,150,,,,成人||0.71-2.78
051605,all,0,150,,,个/uL,成人||955-2860
051606,all,0,150,,,个/uL,成人||550-1440
051607,all,0,150,,,个/uL,成人||320-1250
051608,all,0,150,90.0,560.0,个/μl,
051609,all,0,150,150.0,1100.0,个/μl,
051610,all,0,150,7.0,40.0,%,
051611,all,0,150,5.0,18.0,%,
051612,all,0,150,0.0,4.34,pg/ml,
051613,all,0,150,0.0,3.87,pg/ml,
051614,all,0,150,0.0,2.9,pg/ml,
051615,all,0,150,0.0,5.04,pg/ml,
051616,all,0,150,0.0,5.0,pg/ml,
051617,all,0,150,0.0,4.41,pg/ml,
051801,all,0,150,0.3,2.0,ng/mL,
051802,all,0,150,0.33,2.48,ng/mL,
051803,all,0,150,0.31,4.55,ng/mL,
051804,all,0,150,,,ng/ml,≤0.30
051805,all,0,150,0.53,15.6,ng/mL,
051806,all,0,150,2.0,8.7,ng/ml,
051807,all,0,150,43.0,221.0,,
051808,all,0,150,,,ng/mL,绝经前：17-200；绝经后：7-40
051809,all,0,150,0.15,2.9,Pg/mL,
051810,all,0,150,,,,≤0.21（上午）
051821,all,0,150,,,ng/ml,上午:50.00-250.00;下午:20.00-140.00
060107,all,0,150,0.0,20.0,mm/h,
060108,all,0,150,35.0,45.0,%,
060109,all,0,150,2.13,3.69,,
060110,all,0,150,10.62,16.94,,
060111,all,0,150,0.0,73.76,,
060112,all,0,150,3.79,6.05,,
060113,all,0,150,32.59,50.23,mPa.s,
060114,all,0,150,3.82,8.48,mPa.s,
060115,all,0,150,0.53,1.02,,
060116,all,0,150,2.3,6.73,,
060118,all,0,150,40.0,49.0,%,
060119,all,0,150,17.63,21.35,mPa.s,
060120,all,0,150,7.95,9.95,mPa.s,
060121,all,0,150,4.66,5.98,mPa.s,
060122,all,0,150,3.53,4.65,mPa.s,
060123,all,0,150,1.26,1.66,mPa.s,
071431,all,0,150,,,,阴性（-）
071432,all,0,150,,,,阴性（-）
071439,all,0,150,,1.0,S/CO,<1.0
071441,all,0,150,,,,阴性
080801,all,0,150,,,,阴性（-）
080802,all,0,150,,,,阴性（-）
080803,all,0,150,,,,阴性（-）
080804,all,0,150,,,,阴性（-）
080805,all,0,150,,,,阴性（-）
080806,all,0,150,,,,阴性（-）
080807,all,0,150,,,,阴性（-）
080808,all,0,150,,,,阴性（-）
080809,all,0,150,,,,阴性（-）
080810,all,0,150,,,,阴性（-）
080904,all,0,150,1.5,6.8,ml,
080905,all,0,150,,,,液化
080906,all,0,150,7.2,,,≥7.2
080907,all,0,150,,60.0,分钟,<60
080909,all,0,150,,,,腥味
080910,all,0,150,,,cm,正常：粘液丝≤2cm；异常：粘液丝＞2cm
080915,all,0,150,15.0,,×10E6/ml,≥15
080917,all,0,150,40.0,,%,≥40
080918,all,0,150,32.0,,%,≥32
080939,all,0,150,4.0,,%,≥4
080941,all,0,150,40.0,,%,≥40
100353,all,0,150,0.0,125.0,pg/mL,
300003,all,0,150,,,,0级
300004,all,0,150,,,,0级
300005,all,0,150,,0.35,kUA/L,<0.35
300007,all,0,150,,,,0级
300009,all,0,150,,,,0级
300010,all,0,150,,0.35,kUA/L,<0.35
300016,all,0,150,,,,0级
300017,all,0,150,,0.35,kUA/L,<0.35
300018,all,0,150,,,,0级
300019,all,0,150,,0.35,kUA/L,<0.35
300020,all,0,150,,,,0级
300027,all,0,150,,0.35,kUA/L,<0.35
300034,all,0,150,,0.35,kUA/L,<0.35
300036,all,0,150,,0.35,kUA/L,<0.35
300037,all,0,150,,0.35,kUA/L,<0.35
300041,all,0,150,,0.35,kUA/L,<0.35
300049,all,0,150,,0.35,kUA/L,<0.35
300050,all,0,150,,,,0级
300051,all,0,150,,,,0级
300052,all,0,150,,,,0级
300053,all,0,150,,,,0级
300054,all,0,150,,,,0级
300055,all,0,150,,,,0级
300056,all,0,150,,,,0级
300057,all,0,150,,0.35,kUA/L,<0.35
300060,all,0,150,,0.35,kUA/L,<0.35
300061,all,0,150,,0.35,kUA/L,<0.35
300063,all,0,150,,0.35,kUA/L,<0.35
300080,all,0,150,,,,0级
300081,all,0,150,,,,0级
300082,all,0,150,,,,0级
300083,all,0,150,,,,0级
300084,all,0,150,,,,0级
300086,all,0,150,,,,0级
300090,all,0,150,,,,0级
300091,all,0,150,,,,0级
300092,all,0,150,,,,0级
300093,all,0,150,,,,0级
300094,all,0,150,,,,0级
300095,all,0,150,,,,0级
300096,all,0,150,,,,0级
300097,all,0,150,,,,0级
300098,all,0,150,,,,0级
300099,all,0,150,,,,0级
300100,all,0,150,,,,0级
300101,all,0,150,,,,0级
300102,all,0,150,,,,0级
300103,all,0,150,,,,0级
300104,all,0,150,,,,0级
300109,all,0,150,,,,0级
300110,all,0,150,,,,0级
300111,all,0,150,,,,0级
300112,all,0,150,,,,0级
300113,all,0,150,,,,0级
300114,all,0,150,,,,0级
300115,all,0,150,,,,0级
300116,all,0,150,,,,0级
300117,all,0,150,,,,0级
300118,all,0,150,,,,0级
300119,all,0,150,,,,0级
300121,all,0,150,,,,0级
300122,all,0,150,,,,0级
300123,all,0,150,,,,0级
300124,all,0,150,,,,0级
300125,all,0,150,,,,0级
300126,all,0,150,,,,0级
300127,all,0,150,,,,0级
300128,all,0,150,,,,0级
300129,all,0,150,,,,0级
300131,all,0,150,,,,0级
300132,all,0,150,,,,0级
300133,all,0,150,,,,0级
300135,all,0,150,,,,0级
300136,all,0,150,,,,0级
300137,all,0,150,,,,0级
300138,all,0,150,,,,0级
300139,all,0,150,,,,0级
300140,all,0,150,,,,0级
300141,all,0,150,,,,0级
300142,all,0,150,,,,0级
300143,all,0,150,,,,0级
300144,all,0,150,,,,0级
300145,all,0,150,,,,0级
300146,all,0,150,,,,0级
300147,all,0,150,,,,0级
300148,all,0,150,,,,0级
300149,all,0,150,,,,0级
300150,all,0,150,,,,0级
300151,all,0,150,,,,0级
300152,all,0,150,,,,0级
300155,all,0,150,,,,0级
300156,all,0,150,,,,0级
300157,all,0,150,,,,0级
300158,all,0,150,,,,0级
300159,all,0,150,,,,0级
300160,all,0,150,,,,0级
300161,all,0,150,,,,0级
300162,all,0,150,,,,0级
300163,all,0,150,,,,0级
300164,all,0,150,,,,0级
300165,all,0,150,,,,0级
300166,all,0,150,,,,0级
300167,all,0,150,,,,0级
300168,all,0,150,,,,0级
300169,all,0,150,,,,0级
300171,all,0,150,,0.35,kUA/L,<0.35
300202,all,0,150,,0.35,kUA/L,<0.35
300209,all,0,150,,,,0级
300210,all,0,150,,,,0级
300211,all,0,150,,,,0级
300212,all,0,150,,,,0级
300213,all,0,150,,,,0级
300214,all,0,150,,,,0级
300215,all,0,150,,,,0级
300216,all,0,150,,,,0级
300217,all,0,150,,,,0级
300218,all,0,150,,,,0级
300219,all,0,150,,,,0级
300220,all,0,150,,,,0级
300221,all,0,150,,,,0级
300222,all,0,150,,,,0级
300223,all,0,150,,,,0级
300224,all,0,150,,,,0级
300225,all,0,150,,,,0级
300226,all,0,150,,,,0级
300227,all,0,150,,,,0级
300228,all,0,150,,,,0级
300229,all,0,150,,,,0级
300230,all,0,150,,,,0级
300231,all,0,150,,,,0级
300232,all,0,150,,,,0级
300233,all,0,150,,,,0级
300234,all,0,150,,,,0级
300235,all,0,150,,,,0级
300236,all,0,150,,,,0级
300237,all,0,150,,,,0级
300238,all,0,150,,,,0级
300239,all,0,150,,,,0级
300240,all,0,150,,,,0级
300241,all,0,150,,,,0级
300242,all,0,150,,,,0级
300243,all,0,150,,,,0级
300244,all,0,150,,,,0级
300245,all,0,150,,,,0级
300246,all,0,150,,,,0级
300247,all,0,150,,,,0级
300248,all,0,150,,,,0级
300249,all,0,150,,,,0级
300250,all,0,150,,,,0级
300251,all,0,150,,,,0级
300252,all,0,150,,,,0级
300253,all,0,150,,,,0级
300254,all,0,150,,,,0级
300255,all,0,150,,,,0级
300256,all,0,150,,,,0级
300257,all,0,150,,,,0级
300258,all,0,150,,,,0级
300259,all,0,150,,,,0级
300260,all,0,150,,,,0级
300261,all,0,150,,,,0级
300262,all,0,150,,,,0级
300263,all,0,150,,,,0级
300264,all,0,150,,,,0级
300265,all,0,150,,,,0级
300266,all,0,150,,,,0级
300267,all,0,150,,,,0级
300268,all,0,150,,,,0级
300269,all,0,150,,,,0级
300270,all,0,150,,,,0级
300271,all,0,150,,,,0级
300272,all,0,150,,,,0级
300273,all,0,150,,,,0级
300274,all,0,150,,,,0级
300275,all,0,150,,,,0级
300276,all,0,150,,,,0级
300277,all,0,150,,,,0级
300278,all,0,150,,,,0级
300279,all,0,150,,,,0级
300280,all,0,150,,,,0级
300281,all,0,150,,,,0级
300282,all,0,150,,,,0级
300283,all,0,150,,,,0级
300284,all,0,150,,,,0级
300285,all,0,150,,,,0级
300286,all,0,150,,,,0级
300287,all,0,150,,,,0级
300288,all,0,150,,,,0级
300289,all,0,150,,,,0级
300290,all,0,150,,,,0级
300291,all,0,150,,,,0级
300292,all,0,150,,,,0级
300293,all,0,150,,,,0级
300294,all,0,150,,,,0级
300295,all,0,150,,,,0级
300296,all,0,150,,,,0级
300297,all,0,150,,,,0级
300298,all,0,150,,,,0级
300299,all,0,150,,,,0级
300300,all,0,150,,,,0级
300301,all,0,150,,,,0级
300302,all,0,150,,,,0级
300303,all,0,150,,,,0级
300304,all,0,150,,,,0级
300305,all,0,150,,,,0级
300306,all,0,150,,,,0级
300307,all,0,150,,,,0级
300308,all,0,150,,,,0级
300309,all,0,150,,,,0级
300310,all,0,150,,,,0级
300311,all,0,150,,,,0级
300312,all,0,150,,,,0级
300313,all,0,150,,,,0级
300314,all,0,150,,,,0级
300315,all,0,150,,,,0级
300317,all,0,150,,,,0级
4000013,all,0,150,,,,卧位||10.00-160.00&立位||40.00-310.00
4000014,all,0,150,0.0,30.0,,
400005,all,0,150,0.0,6.5,pg/mL,
400007,all,0,150,0.0,50.0,mg/dL,
400011,all,0,150,,7.8,mmol/L,<7.8
400017,all,0,150,0.5,1.5,%,
400018,all,0,150,24.0,84.0,10^9/L,
400019,all,0,150,78.0,95.0,%,
400020,all,0,150,4.0,18.0,%,
400021,all,0,150,0.0,4.0,%,
400022,all,0,150,5.0,22.0,%,
400023,all,0,150,,,%,0
400024,all,0,150,,,10^9/L,0
400028,all,0,150,,,,-
400034,all,0,150,0.0,30.0,mg/L,
400036,all,0,150,,,,-
400038,all,0,150,3.1,39.0,mS/cm,
400045,all,0,150,,,,-
400047,all,0,150,,,,-
400062,all,0,150,,,,-
400092,all,0,150,0.0,0.5,mg/L,
400099,all,0,150,,,IU/mL,最低检测下限：100
400101,all,0,150,,,,当PGⅠ<70ng/ml，并且PGⅠ/Ⅱ<3.0时为阳性；当PGⅠ<30ng/ml，并且PGⅠ/Ⅱ<2.0时为强阳性；PGⅠ/Ⅱ<2.5时可疑阳性。
400102,all,0,150,1.6,6.9,pmol/L,
400300,all,0,150,1.1,4.4,ng/mL,
400324,all,0,150,,,,阴性:<25
400325,all,0,150,,,,＜4.0（2.0-6.0区间为灰区，建议日后复查。）
400326,all,0,150,31.2,36.2,pg,
400328,all,0,150,,,,阴性（-）
400329,all,0,150,,,,阴性（-）
400330,all,0,150,,,,阴性（-）
400331,all,0,150,,,,阴性（-）
400332,all,0,150,,,,阴性（-）
400333,all,0,150,,,,阴性（-）
400334,all,0,150,,,,阴性（-）
400335,all,0,150,,,,阴性（-）
400336,all,0,150,,,,阴性（-）
400337,all,0,150,,,,阴性（-）
400338,all,0,150,,,,阴性（-）
400339,all,0,150,,,,阴性（-）
400400,all,0,150,,,,阴性（-）
400401,all,0,150,,,,阴性（-）
400402,all,0,150,,,,阴性（-）
400403,all,0,150,,,,阴性（-）
400404,all,0,150,,,,阴性（-）
400405,all,0,150,,,,阴性（-）
400406,all,0,150,,,,阴性（-）
400407,all,0,150,,,,阴性（-）
400408,all,0,150,,,,阴性（-）
400409,all,0,150,,,,阴性（-）
400410,all,0,150,,,,阴性（-）
400411,all,0,150,,,,阴性（-）
400412,all,0,150,,,ng/mL,成年女性（绝经期前）:6.9-282.5；成年女性（绝经期后）:14-233.1
400413,all,0,150,126.0,9880.0,pg/mL,
400415,all,0,150,20.6,76.7,nmol/L,
400418,all,0,150,2470.0,19200.0,umol/L,
400419,all,0,150,,2.26,,<2.26
400420,all,0,150,0.8,2.4,mg/L,
50008,all,0,150,,,nmol/L,上午:174.0-497.0;下午:64.0-327.0
50009,all,0,150,,,pg/mL,上午7-10点||7.20-63.40 16点||3.00-32.00 24点||<32.00
50011,all,0,150,2.6,24.9,μU/ml,
50014,all,0,150,2.6,24.9,μU/mL,
50024,all,0,150,3.1,6.8,pmol/L,
50025,all,0,150,4.87,11.72,nmol/L,
50026,all,0,150,1.3,3.1,nmol/L,
50027,all,0,150,0.0,34.0,IU/mL,
50028,all,0,150,0.0,115.0,IU/mL,
50029,all,0,150,3.5,77.0,ng/mL,
50030,all,0,150,,31.0,/μl,<31
50031,all,0,150,,,,-
50032,all,0,150,,1200.0,/μl,<1200
50040,all,0,150,0.0,1.75,IU/L,
50041,all,0,150,0.1,0.4,g/L,
50045,all,0,150,0.9,1.8,g/L,
600001,all,0,150,,,,未见
600002,all,0,150,,,,未见
600003,all,0,150,,,,Ⅰ°—Ⅱ°
600004,all,0,150,,,,阴性（-）
920040,all,0,150,,,nmol/L,用于计算肾素活性(PRA)
920043,all,0,150,,,nmol/L,用于计算肾素活性(PRA)
920045,all,0,150,,,nmol/L,卧位||25.00-129.00&立位||49.00-252.00
920046,all,0,150,,,ng/ml/hr,卧位||0.15-2.33&立位||1.31-3.95
HY-XCG-001,all,0,150,4.0,10.0,10^9/L,本参考范围为成人静脉血参考值，不同人群存在差异：新生儿参考范围15.0~20.0×10^9/L，6个月~2岁婴幼儿参考范围11.0~12.0×10^9/L；生理性升高可见于剧烈运动、妊娠晚期、饱餐后等情况。
HY-XCG-002,all,0,150,3.5,5.5,10^12/L,本参考范围为成年人群参考值，新生儿参考范围为6.0~7.0×10^12/L，儿童红细胞计数随年龄增长逐渐降至成人水平。
HY-XCG-002,male,18,150,4.0,5.5,10^12/L,
HY-XCG-002,female,18,150,3.5,5.0,10^12/L,
HY-XCG-003,all,0,150,110.0,160.0,g/L,新生儿参考范围为170~200g/L，上述范围为成人参考值，非妊娠成年女性参考范围为110~150g/L，成年男性为120~160g/L，孕妇血红蛋白低于100g/L可诊断为贫血，儿童参考范围随年龄存在较大差异。
HY-XCG-003,male,18,150,120.0,160.0,g/L,
HY-XCG-003,female,18,150,110.0,150.0,g/L,
HY-XCG-004,all,0,150,35.0,50.0,%,上述为成人红细胞压积参考范围，儿童、新生儿参考区间随年龄不同存在差异，新生儿参考范围通常为48%~68%。
HY-XCG-004,male,18,150,40.0,50.0,%,
HY-XCG-004,female,18,150,35.0,45.0,%,
HY-XCG-005,all,0,150,100.0,300.0,10^9/L,本参考范围适用于成人，血小板计数无明显性别差异，不同检测仪器及试剂对应的参考范围可能略有差异，部分机构采用125~350×10^9/L作为参考区间，具体以就诊医疗机构出具的报告单为准。
HY-XCG-006,all,0,150,80.0,100.0,fL,不同检测方法、仪器及试剂的参考范围可能存在小幅差异，新生儿、婴幼儿的平均红细胞体积参考范围通常高于成人。
HY-XCG-007,all,0,150,27.0,34.0,pg,本指标无明显性别差异，不同检测系统参考范围可能略有不同，具体以就诊医院实验室报告为准，新生儿参考范围通常高于成人。
HY-XCG-008,all,0,150,320.0,360.0,g/L,本指标无明显性别特异性差异，不同检测仪器、试剂对应的参考范围可能存在小幅偏差，实际参考值请以就诊医疗机构出具的报告单为准
HY-XCG-009,all,0,150,15.5,18.1,fL,不同检测方法、仪器参考范围可能略有差异，具体以就诊医疗机构出具的报告单为准
HY-XCG-010,all,0,150,7.0,11.0,fL,不同检测仪器、试剂的参考范围存在一定差异，具体以就诊医疗机构出具的报告单为准
HY-XCG-011,all,0,150,11.5,14.5,%,本参考范围为红细胞分布宽度变异系数（RDW-CV）对应参考值，不同检测系统参考范围可能存在差异，具体以就诊医疗机构出具的报告单标注为准。
HY-XCG-012,all,0,150,0.11,0.28,%,不同检测仪器、试剂及检测方法的参考范围可能存在一定差异，具体以就诊医院出具的正式报告单为准。
HY-XCG-012,male,18,150,0.108,0.272,%,
HY-XCG-012,female,18,150,0.114,0.282,%,
HY-XCG-013,all,0,150,40.0,75.0,%,该指标为成人参考范围，新生儿、婴幼儿参考区间与成人存在差异；不同检测系统参考范围可能略有偏差，具体以就诊实验室报告为准。
HY-XCG-014,all,0,150,20.0,40.0,%,成人参考区间为20%~40%，儿童出生后4~6天至4~6岁可出现淋巴细胞百分比生理性升高，属于正常生理现象，不同检测设备参考范围可能略有差异，具体以就诊机构报告单为准
HY-XCG-015,all,0,150,3.0,8.0,%,不同检测仪器、试剂所对应的参考范围可能存在一定差异，具体以就诊医院出具的检验报告单为准
HY-BZ-001,all,0,150,2.8,5.2,mmol/L,合适水平为<5.2mmol/L，5.2~6.19mmol/L为边缘升高，≥6.2mmol/L为总胆固醇升高，<2.8mmol/L为总胆固醇降低，参考范围可能因检测方法、试剂不同存在轻微差异
HY-BZ-002,all,0,150,0.56,1.7,mmol/L,合适水平为<1.70mmol/L，边缘升高范围为1.70~2.25mmol/L，升高为≥2.26mmol/L，不同检测机构因试剂、检测方法不同参考范围可能略有差异，结果需结合临床综合判断。
HY-BZ-002,male,18,150,0.45,1.81,mmol/L,
HY-BZ-002,female,18,150,0.4,1.53,mmol/L,
HY-BZ-003,all,0,150,1.03,2.07,mmol/L,本参考区间依据《全国临床检验操作规程》第4版制定，高密度脂蛋白胆固醇为抗动脉粥样硬化脂蛋白，＜1.04mmol/L为减低，≥1.55mmol/L为理想升高水平，可降低动脉粥样硬化性心血管疾病发病风险。
HY-BZ-003,male,18,150,1.03,1.55,mmol/L,
HY-BZ-003,female,18,150,1.16,2.02,mmol/L,
HY-BZ-004,all,0,150,2.07,3.37,mmol/L,合适水平≤3.4mmol/L，边缘升高为3.4~4.09mmol/L，升高为≥4.1mmol/L；不同心血管疾病危险分层人群理想控制目标不同：极高危人群建议<1.8mmol/L，高危人群建议<2.6mmol/L，中低危人群建议<3.4mmol/L；无显著性别差异，不同实验室参考范围可能略有偏差。
HY-BZ-005,all,0,150,1.0,1.6,g/L,本参考区间基于免疫透射比浊法，不同检测方法、试剂及仪器可能导致参考范围略有差异，以就诊医疗机构实验室出具的实际参考区间为准；载脂蛋白A1水平与冠心病发病风险呈负相关，低于1.20g/L提示冠心病发病风险升高。
HY-BZ-005,male,18,150,1.0,1.6,g/L,
HY-BZ-005,female,18,150,1.1,1.7,g/L,
HY-BZ-006,all,0,150,0.75,1.15,g/L,参考区间基于免疫比浊法，不同检测方法、试剂及检测机构参考区间可能存在差异；该指标临床合适水平通常<1.00g/L，1.00~1.20g/L为边缘升高，≥1.20g/L为升高，具体以就诊医院报告单为准。
HY-BZ-006,male,18,150,0.8,1.15,g/L,
HY-BZ-006,female,18,150,0.75,1.05,g/L,
HY-BZ-007,all,0,150,0.0,300.0,mg/L,本指标参考范围无性别差异，水平主要由遗传因素决定，不同检测系统参考范围可能略有差异，≥300mg/L提示动脉粥样硬化性心血管疾病风险升高。
HY-GG-001,all,0,150,0.0,40.0,U/L,参考范围基于速率法37℃检测，不同检测方法、不同实验室参考区间可能存在一定差异，具体以就诊医院出具的检验报告单为准。
HY-GG-001,male,18,150,0.0,40.0,U/L,
HY-GG-001,female,18,150,0.0,35.0,U/L,
HY-GG-002,all,0,150,8.0,40.0,U/L,参考范围基于速率法（37℃）检测，不同检测方法、仪器及实验室的参考范围可能存在差异，具体以就诊机构出具的报告为准
HY-GG-002,male,18,150,8.0,40.0,U/L,
HY-GG-002,female,18,150,8.0,35.0,U/L,
HY-GG-003,all,0,150,0.0,50.0,U/L,参考范围为硝基苯酚速率法（37℃）检测所得，不同检测方法、试剂及医疗机构的参考范围可能存在差异，部分检测体系按性别区分参考区间，具体以就诊机构报告单标注为准。
HY-GG-003,male,18,150,10.0,60.0,U/L,
HY-GG-003,female,18,150,7.0,45.0,U/L,
HY-GG-004,all,0,150,40.0,150.0,U/L,本参考范围为速率法37℃检测的成人参考值；儿童、青少年、妊娠中晚期女性可出现生理性升高，不同检测方法、试剂的参考区间可能存在差异，具体以就诊医院报告单为准。
HY-GG-004,male,18,150,45.0,125.0,U/L,
HY-GG-004,female,18,150,40.0,130.0,U/L,
HY-GG-005,all,0,150,3.4,17.1,μmol/L,本参考范围适用于成人，无显著性别差异，不同检测方法参考范围可能略有偏差；新生儿存在生理性黄疸，足月儿峰值多不超过221μmol/L，早产儿峰值多不超过256μmol/L。
HY-GG-006,all,0,150,0.0,6.8,μmol/L,不同检测方法、试剂的参考范围可能存在轻微差异，具体以就诊医疗机构出具的报告单为准
HY-GG-007,all,0,150,1.7,10.2,μmol/L,间接胆红素为总胆红素减去直接胆红素的计算值，不同检测方法、试剂可导致参考范围略有差异，具体以就诊机构出具的报告单为准
HY-GG-008,all,0,150,60.0,80.0,g/L,本参考范围适用于成人双缩脲法检测的血清总蛋白，无明显性别差异，新生儿、婴幼儿、长期卧床人群参考范围略低。
HY-GG-009,all,0,150,35.0,55.0,g/L,本参考范围适用于成年人群，不同检测方法及机构参考范围可能存在轻微差异，新生儿、儿童群体参考区间通常低于成年人群。
HY-GG-010,all,0,150,20.0,30.0,g/L,球蛋白为总蛋白减去白蛋白计算所得，不同检测仪器、试剂的参考范围可能存在轻微差异，具体以就诊医院报告单为准
HY-SG-001,all,0,150,3.2,7.1,mmol/L,本参考范围为成人酶法测定参考值，不同检测方法参考范围可能略有差异；婴幼儿参考范围通常为1.8~6.5mmol/L；高蛋白饮食、剧烈运动、脱水等可出现生理性升高，低蛋白饮食可出现生理性降低。
HY-SG-002,all,0,150,44.0,106.0,μmol/L,本参考区间为成人酶法检测结果，不同检测方法、不同年龄段参考区间可能存在差异，具体以就诊医院报告单为准。
HY-SG-002,male,18,150,53.0,106.0,μmol/L,
HY-SG-002,female,18,150,44.0,97.0,μmol/L,
HY-SG-003,all,0,150,90.0,420.0,μmol/L,该指标存在性别差异，不同检测机构因检测方法、试剂不同参考范围可能略有差异，女性绝经后尿酸参考范围可接近男性水平。
HY-SG-003,male,18,150,150.0,416.0,μmol/L,
HY-SG-003,female,18,150,90.0,357.0,μmol/L,
HY-SG-004,all,0,150,0.5,1.2,mg/L,胱抑素C是反映肾小球滤过功能的敏感指标，不受年龄、性别、肌肉量影响，不同检测方法参考区间可能略有差异，具体以就诊医院报告单为准
HY-SG-005,all,0,150,0.8,2.4,mg/L,本参考范围为血清β2-微球蛋白的参考区间，尿β2-微球蛋白参考区间通常为<0.3mg/L；不同检测方法、仪器及实验室的参考区间可能存在差异，具体以就诊医院报告单为准。
HY-XT-001,all,0,150,3.9,6.1,mmol/L,正常成人空腹血糖参考区间为3.9~6.1mmol/L；若空腹血糖≥7.0mmol/L需考虑糖尿病可能，6.1~<7.0mmol/L为空腹血糖受损。
HY-XT-002,all,0,150,4.0,6.0,%,采用高效液相色谱法检测的标准参考范围为4.0%~6.0%，不同检测方法参考范围可能略有差异；该指标反映受检者近2~3个月的平均血糖水平，2型糖尿病患者常规控制目标通常为<7.0%。
HY-NCG-002,all,0,150,4.5,8.0,,尿酸碱度受饮食结构、服药情况、机体酸碱代谢状态影响较大，普通饮食条件下参考范围为4.5~8.0，晨尿多偏酸性，pH多在5.5~6.5区间，平均值约为6.0
HY-NCG-004,all,0,150,1.003,1.03,,晨尿参考范围多为1.015~1.025，新生儿参考范围为1.002~1.004。尿比重受饮水量、出汗量、饮食等因素影响较大，需结合其他指标综合判断。
HY-JZ-001,all,0,150,0.27,4.2,mIU/L,本参考范围为非妊娠成人参考值，妊娠女性参考范围：妊娠早期0.1~2.5mIU/L，妊娠中期0.2~3.0mIU/L，妊娠晚期0.3~3.0mIU/L，不同检测试剂、检测方法的参考范围可能存在差异，建议以就诊实验室出具的报告为准。
HY-JZ-002,all,0,150,12.0,22.0,pmol/L,游离甲状腺素参考范围因检测方法、试剂、仪器不同可能存在差异，无明显性别差异，妊娠人群需采用对应孕周的特异性参考区间，结果解读需结合促甲状腺激素等其他甲状腺功能指标及临床情况综合判断
HY-JZ-003,all,0,150,3.1,6.8,pmol/L,本参考范围适用于成人化学发光法检测，不同检测方法、试剂及检测机构参考范围可能存在差异，具体以就诊机构出具的报告单标注为准。
HY-JZ-004,all,0,150,0.0,34.0,IU/mL,不同检测方法、试剂对应的参考区间可能存在差异，具体以就诊医院出具的报告单为准。正常人群参考值通常＜34IU/mL，指标升高多见于桥本甲状腺炎、Graves病等自身免疫性甲状腺疾病。
HY-JZ-005,all,0,150,0.0,40.0,IU/mL,不同检测试剂及方法学的参考范围可能存在差异，具体以就诊医疗机构出具的报告单为准，结果异常需结合其他甲状腺功能指标综合判断。
HY-ZL-001,all,0,150,0.0,25.0,IU/mL,正常成人血清甲胎蛋白参考范围为0~25IU/mL，妊娠期女性、新生儿可出现生理性升高，原发性肝癌、病毒性肝炎、生殖腺胚胎源性肿瘤等病理状态下可升高，不同检测方法及试剂参考区间可能存在差异，具体以检测机构报告单为准。
HY-ZL-002,all,0,150,0.0,5.0,ng/mL,正常人群参考值为0~5ng/mL，长期吸烟者可轻度升高，通常不超过10ng/mL；消化道炎症、呼吸道感染等良性疾病也可出现一过性升高，指标显著升高需警惕消化道恶性肿瘤、肺癌、乳腺癌等恶性病变可能。
HY-ZL-003,all,0,150,0.0,35.0,U/mL,女性月经期、妊娠早期可出现生理性升高，明显升高可见于卵巢癌、子宫内膜癌、胰腺癌、肺癌等恶性肿瘤，也可见于子宫内膜异位症、盆腔炎等良性疾病
HY-ZL-003,male,18,150,0.0,35.0,U/mL,
HY-ZL-003,female,18,150,0.0,35.0,U/mL,
HY-ZL-004,all,0,150,0.0,37.0,U/mL,本指标无性别差异，正常参考范围为0~37U/mL；部分良性疾病如胰腺炎、胆囊炎、胆石症等可出现一过性升高，显著升高多见于胰腺癌、消化道恶性肿瘤等，结果需结合临床综合判断。
HY-ZL-005,all,0,150,0.0,25.0,U/mL,不同检测方法及检测系统参考范围可能存在差异，以就诊医院出具的报告单为准；该指标为肿瘤标志物，升高可见于乳腺癌、卵巢癌、肺癌等恶性肿瘤，部分良性乳腺疾病、妊娠中晚期也可出现轻度升高
HY-ZL-006,all,0,150,0.0,6.9,U/mL,本参考范围为电化学发光法检测所得，不同检测方法、试剂盒及检测机构的参考范围可能存在差异，具体以就诊医院出具的报告单为准。妊娠、良性胃肠道疾病、良性妇科疾病等生理或良性病理状态下也可能出现该指标升高。
HY-ZL-007,all,0,150,0.0,16.3,ng/mL,本参考范围为电化学发光法检测参考值，不同检测方法、试剂厂商参考范围可能存在差异，以就诊医院出具的报告单为准；溶血标本会使检测结果假性升高，采血后应避免溶血。
HY-ZL-008,all,0,150,0.0,1.5,ng/mL,不同实验室因检测方法不同参考范围可能存在差异，具体以就诊医疗机构实验室出具的参考范围为准，正常人血清鳞状细胞癌相关抗原通常≤1.5ng/mL。
HY-ZL-009,all,0,150,0.0,3.3,ng/mL,该指标为定量肿瘤标志物，通用参考范围为0~3.3ng/mL。肺部炎症、支气管炎、消化性溃疡等良性疾病可出现轻度升高，显著升高需警惕非小细胞肺癌等恶性肿瘤，结果需结合临床其他检查综合判断。
HY-ZL-010,all,0,150,,,ng/mL,铁蛋白存在显著性别差异，不同检测方法、试剂及检测机构参考范围可能略有不同，以就诊医院实际报告单为准；儿童、妊娠女性等特殊人群参考范围另行制定。
HY-ZL-010,male,18,150,30.0,400.0,ng/mL,
HY-ZL-010,female,18,150,13.0,150.0,ng/mL,
HY-ZL-011,all,0,150,0.0,70.0,pmol/L,女性参考范围受绝经状态影响，绝经前为0~70pmol/L，绝经后为0~140pmol/L
HY-ZL-011,male,18,150,0.0,70.0,pmol/L,
HY-ZL-011,female,18,150,0.0,70.0,pmol/L,
HY-ZL-012,all,0,150,0.0,65.0,pg/mL,不同检测方法、试剂对应的参考范围可能存在差异，该指标为小细胞肺癌特异性较高的肿瘤标志物，结果解读需结合患者临床表现、影像学及其他检查综合判断
HY-NXJ-001,all,0,150,1.8,29.2,ng/mL,1. 本参考范围为成人基础状态（非妊娠、非哺乳、非应激）参考值；女性特殊生理状态参考范围：妊娠期9.7~208.5ng/mL，绝经期1.8~20.3ng/mL；2. 催乳素检测结果受检测方法、应激、进食、哺乳等因素影响较大，需结合临床情况及就诊实验室自建参考范围综合判断。
HY-NXJ-001,male,18,150,2.1,17.7,ng/mL,
HY-NXJ-001,female,18,150,2.8,29.2,ng/mL,
HY-NXJ-002,all,0,150,,,ng/mL,1. 本参考值适用于成年人群，不同检测方法、试剂的参考范围可能存在差异，具体以就诊实验室实际标注为准；2. 女性睾酮水平受生理周期影响，绝经后女性参考范围通常<0.35ng/mL，妊娠期可出现生理性升高。
HY-NXJ-002,male,18,150,1.75,7.81,ng/mL,
HY-NXJ-002,female,18,150,0.1,0.75,ng/mL,
HY-NXJ-003,all,0,150,,,ng/mL,女性孕酮参考范围因生理时期不同存在较大差异：卵泡期0.2~1.5ng/mL，排卵期0.8~3.0ng/mL，黄体期1.7~27ng/mL，绝经后<0.7ng/mL，妊娠早期11.5~47.2ng/mL，妊娠中期16.5~50.0ng/mL，妊娠晚期81.0~159.0ng/mL
HY-NXJ-003,male,18,150,0.1,0.84,ng/mL,
HY-NXJ-004,all,0,150,,,pg/mL,雌二醇参考范围存在显著性别及女性生理周期差异：男性参考范围为20~75pg/mL；女性卵泡期为24~114pg/mL，排卵期为62~534pg/mL，黄体期为80~273pg/mL，绝经期为20~88pg/mL，具体参考范围可因检测方法不同存在差异。
HY-NXJ-004,male,18,150,20.0,75.0,pg/mL,
HY-NXJ-005,all,0,150,1.0,105.0,mIU/mL,女性参考值对应卵泡期，其余生理周期参考范围：排卵期19.2~103.0 mIU/mL，黄体期1.2~12.9 mIU/mL，绝经期10.9~58.6 mIU/mL，不同检测平台参考范围可能存在差异，建议结合检测机构标注参考值解读。
HY-NXJ-005,male,18,150,1.2,8.6,mIU/mL,
HY-NXJ-005,female,18,150,2.1,10.9,mIU/mL,
HY-NXJ-006,all,0,150,,,mIU/mL,该指标参考范围受性别及女性生理周期影响较大，男性参考范围为1.27~19.26 mIU/mL；女性各生理周期参考范围：卵泡期3.85~8.78 mIU/mL，排卵期4.54~22.51 mIU/mL，黄体期1.79~5.12 mIU/mL，绝经期16.74~113.59 mIU/mL，具体需结合检测方法及所在实验室参考值判断。
HY-NXJ-006,male,18,150,1.27,19.26,mIU/mL,
HY-NXJ-007,all,0,150,20.0,590.0,μg/dL,该指标参考范围受年龄、性别影响较大，青春期前水平较低，20~30岁达到峰值，之后随年龄增长逐渐下降，妊娠女性水平可升高，不同检测系统参考范围可能存在差异，建议以就诊实验室实际参考范围为准。
HY-NXJ-007,male,18,150,230.0,590.0,μg/dL,
HY-NXJ-007,female,18,150,20.0,380.0,μg/dL,
HY-NXJ-008,all,0,150,0.0,5.0,mIU/mL,本参考范围为非妊娠健康人群参考值；妊娠女性β-HCG水平会随孕周升高，不同孕周参考范围存在差异，需结合妊娠时间综合判断；异位妊娠、滋养细胞疾病、生殖细胞肿瘤等病理状态也可出现β-HCG异常升高。
HY-NXJ-008,male,18,150,0.0,5.0,mIU/mL,
HY-NXJ-008,female,18,150,0.0,5.0,mIU/mL,
HY-NXH-001,all,0,150,25.0,35.0,s,本指标参考区间因检测试剂、仪器不同存在差异，通常与正常对照值相比延长超过10s具有病理意义，具体以就诊医院出具的报告单为准
HY-NXH-002,all,0,150,11.0,13.0,s,手工法参考范围为11~13s，不同检测仪器、试剂参考区间存在一定差异，通常测定值较正常对照值延长3s以上为异常，具体以就诊医院实验室出具的参考范围为准
HY-NXH-003,all,0,150,2.0,4.0,g/L,该指标无性别特异性参考范围，不同检测方法参考区间可能略有差异，新生儿参考范围约1.25~3.0g/L，妊娠晚期、应激状态、高龄人群可出现生理性升高。
HY-NXH-004,all,0,150,16.0,18.0,s,手工法参考区间为16~18s，不同检测方法、试剂的参考范围存在一定差异，具体以就诊实验室给出的参考区间为准，测定值较正常对照值延长3s以上有临床意义。
HY-NXH-005,all,0,150,0.8,1.2,,健康人群参考范围为0.8~1.2，服用华法林进行抗凝治疗的患者目标INR通常为2.0~3.0，具体需结合临床情况判断。
HY-NXH-006,all,0,150,80.0,120.0,%,本参考范围为抗凝血酶III活性检测参考区间，不同检测试剂、方法可能存在一定差异，具体以就诊实验室出具的参考区间为准。
HY-NXH-007,all,0,150,75.0,100.0,%,该指标无性别特异性参考范围，不同检测系统、试剂参考范围可能存在差异，以就诊医院出具的报告单为准。
HY-NXH-008,all,0,150,0.0,0.5,mg/L FEU,本指标无性别特异性参考区间，不同检测系统参考范围可能存在差异，老年人群、妊娠期、外科术后、创伤、感染等病理生理状态下可出现升高，结果低于0.25mg/L FEU时对排除深静脉血栓、肺栓塞等静脉血栓栓塞性疾病有重要辅助价值。
HY-MY-004,all,0,150,0.0,100.0,IU/mL,本参考区间适用于成人总IgE检测，无明显性别差异，不同检测方法、试剂及人群参考范围可能存在差异，具体以就诊检测机构报告单为准；IgE升高常见于过敏性疾病、寄生虫感染、IgE型多发性骨髓瘤等情况。
HY-MY-005,all,0,150,0.0,20.0,IU/mL,正常参考范围通常为0~20IU/mL，不同检测方法参考范围可能略有差异，以就诊医院报告单为准；部分老年健康人群可出现生理性轻度升高，结果异常需结合临床症状及其他相关检查综合评估。
HY-MY-006,all,0,150,0.0,200.0,IU/mL,常用检测方法为免疫比浊法，不同检测系统参考范围可能存在小幅差异，结果升高多提示A组溶血性链球菌感染相关疾病，判读需结合临床实际情况。
HY-MY-007,all,0,150,0.0,5.0,U/mL,不同检测方法、试剂生产厂商的参考区间可能存在差异，部分检测体系参考上限为20U/mL或25U/mL，具体以就诊机构出具的检测报告标注的参考范围为准，结果高于参考上限为阳性，该指标升高对类风湿关节炎的诊断具有较高特异性。
HY-YY-001,all,0,150,3.0,20.0,ng/mL,本参考范围为血清叶酸的常规参考区间，不同检测方法及试剂对应的参考范围可能存在差异；妊娠女性建议血清叶酸水平≥4ng/mL以降低胎儿神经管缺陷发生风险，红细胞叶酸的参考范围通常为140~628ng/mL。
HY-YY-002,all,0,150,133.0,675.0,pg/mL,不同检测方法、试剂对应的参考区间可能存在差异，通常血清维生素B12<100pg/mL提示缺乏，100~180pg/mL为边缘性缺乏，儿童参考区间略高于成人。
HY-YY-003,all,0,150,20.0,100.0,ng/mL,通常认为25-羟基维生素D≥20ng/mL为充足水平，<20ng/mL为维生素D不足，<10ng/mL为维生素D缺乏，>100ng/mL为维生素D过量，>150ng/mL可能发生维生素D中毒，该指标无明显性别差异。
HY-QT-001,all,0,150,,,ng/mL,女性抗缪勒管激素水平随年龄增长逐渐下降：18~29岁参考范围2.0~6.8ng/mL，30~39岁1.5~5.5ng/mL，40~49岁0.1~2.5ng/mL，绝经后通常<0.08ng/mL，可用于评估卵巢储备功能；成年男性AMH水平相对稳定；不同检测试剂参考范围可能存在差异，建议以就诊实验室出具的参考值为准。
HY-QT-001,male,18,150,1.0,9.5,ng/mL,
HY-QT-001,female,18,150,0.1,11.8,ng/mL,
HY-QT-003,all,0,150,0.0,4.0,,本指标为13C尿素呼气试验检测值，常用单位为DOB（δ‰），参考值＜4为阴性，≥4为阳性，阳性提示幽门螺杆菌感染，不同检测机构参考阈值可能存在轻微差异，以检测机构标注为准。
HY-QT-007,all,0,150,0.0,30.0,mg/L,随机尿微量白蛋白正常参考值为0~30mg/L；30~300mg/L提示微量白蛋白尿，≥300mg/L提示临床白蛋白尿，结果需结合肾功能、病史等临床信息综合判断。
HY-QT-008,all,0,150,5.3,17.7,mmol/L,随机尿肌酐水平受个体肌肉含量、饮食摄入、饮水量及尿量等因素影响较大，单独检测临床意义有限，常联合尿白蛋白等指标计算尿白蛋白/肌酐比值用于评估肾功能。
HY-QT-008,male,18,150,7.1,17.7,mmol/L,
HY-QT-008,female,18,150,5.3,15.9,mmol/L,
ER-TC-001,all,0,150,27.0,52.0,L,身体总水分参考值与体重、年龄、体脂率密切相关，通常成年男性身体总水分约为体重的55%~65%，成年女性约为体重的45%~55%，个体参考值可结合自身体重计算
ER-TC-001,male,18,150,34.0,52.0,L,
ER-TC-001,female,18,150,27.0,46.0,L,
ER-TC-002,all,0,150,10.0,25.0,%,本参考范围适用于18~65岁健康成年人，儿童、老年人、专业运动员等特殊人群参考范围存在差异，体脂率过高或过低均可能提示健康风险，需结合临床情况综合判断。
ER-TC-002,male,18,150,10.0,20.0,%,
ER-TC-002,female,18,150,20.0,25.0,%,
ER-TC-003,all,0,150,18.5,23.9,kg/平方米,本参考范围为中国成人标准：正常范围18.5~23.9kg/㎡，<18.5为偏瘦，24.0~27.9kg/㎡为超重，≥28.0kg/㎡为肥胖，儿童、孕妇等特殊人群参考范围需另行评估
ER-TC-004,all,0,150,1200.0,2500.0,kcal,本参考范围为18~60岁健康成年人每日基础代谢率参考值，基础代谢率受年龄、体重、体表面积、肌肉含量、甲状腺功能等多种因素影响，个体差异较大，实际评估需结合个人生理特征及检测方法综合判断。
ER-TC-004,male,18,150,1500.0,2200.0,kcal,
ER-TC-004,female,18,150,1200.0,1700.0,kcal,
ER-TC-005,all,0,150,0.0,100.0,cm²,VFA<100cm²为正常水平，≥100cm²提示内脏脂肪增多；男性≥130cm²、女性≥90cm²可判定为内脏型肥胖，不同检测设备参考范围可能存在差异，请以检测机构标注为准。
ER-TC-005,male,18,150,0.0,130.0,cm²,
ER-TC-005,female,18,150,0.0,90.0,cm²,
ER-TC-006,all,0,150,,,kg,本参考范围适用于18~65岁健康成年人群，骨骼肌量与年龄、身高、体重、日常运动习惯等因素密切相关，不同检测仪器参考范围可能略有差异，个体结果评估需结合自身基础情况综合判断。
ER-TC-006,male,18,150,28.0,40.0,kg,
ER-TC-006,female,18,150,18.0,28.0,kg,
ER-TC-007,all,0,150,,,kg,体脂肪量为绝对值，与个体总体重、身高、年龄密切相关，无统一通用的固定参考范围。临床通常结合体脂率判断，成年男性正常体脂率参考范围为10%~20%，成年女性正常体脂率参考范围为20%~30%，体脂肪量可通过总体重×体脂率计算得到。
ER-TC-008,all,0,150,,,,本参考范围适用于中国成年人群，无通用不分性别的参考区间；男性腰臀比≥0.9、女性腰臀比≥0.85可判定为中心性肥胖，结果异常需结合体重指数、体脂率等指标综合评估。
ER-TC-008,male,18,150,0.72,0.9,,
ER-TC-008,female,18,150,0.67,0.85,,
YB-JC-001,all,0,150,90.0,139.0,mmHg,本参考范围适用于成年人静息状态下测量的收缩压，儿童收缩压参考值随年龄增长存在差异；收缩压120~139mmHg为正常高值，非同日3次测量收缩压≥140mmHg可诊断为高血压
YB-JC-002,all,0,150,60.0,89.0,mmHg,正常成人舒张压参考范围为60~89mmHg，非同日3次测量舒张压≥90mmHg可诊断为高血压，舒张压＜60mmHg提示舒张压降低。
YB-JC-003,all,0,150,,,cm,身高为人体测量指标，无统一通用正常参考范围，数值受年龄、种族、遗传、地域、营养状况等多种因素影响，生长发育期人群可参考对应年龄段同性别身高百分位标准判断生长情况。
YB-JC-004,all,0,150,,,kg,体重无统一固定参考范围，需结合身高、年龄综合判断，成人通常可通过计算体重指数（BMI=体重(kg)/身高(m)²）评估体重是否正常，BMI正常参考范围为18.5~23.9kg/㎡。
YB-JC-005,all,0,150,60.0,100.0,bpm,本参考范围适用于静息状态下的成年人。儿童、老年人群、长期运动者参考范围可能存在差异，运动员等健康人群静息脉搏可低至50bpm左右，属于生理正常情况。
HY-SW-001,all,0,150,0.0,50.0,U/mL,正常参考范围0~50U/mL提示对鸡蛋耐受；50~100U/mL为轻度不耐受，100~200U/mL为中度不耐受，>200U/mL为重度不耐受，不同检测系统参考区间可能存在差异，需结合对应试剂盒说明书判读结果。
HY-SW-002,all,0,150,0.0,50.0,U/mL,正常参考范围为0~50U/mL（阴性，提示对牛奶耐受）；50~100U/mL为轻度不耐受，100~200U/mL为中度不耐受，>200U/mL为重度不耐受；不同检测系统参考范围可能存在差异，以检测机构出具的报告为准
HY-SW-003,all,0,150,0.0,50.0,U/mL,本指标为食物不耐受检测指标，正常参考值为<50U/mL（阴性，提示对螃蟹耐受）；50~100U/mL为1级轻度不耐受，100~200U/mL为2级中度不耐受，>200U/mL为3级重度不耐受，无性别特异性差异，不同检测方法参考范围可能存在差异，建议结合检测机构出具的报告判读。
HY-SW-004,all,0,150,0.0,50.0,U/mL,本指标无性别差异，正常参考区间为0~50U/mL（阴性）；50~100U/mL提示轻度虾不耐受，100~200U/mL提示中度虾不耐受，≥200U/mL提示重度虾不耐受。不同检测方法参考区间可能存在差异，具体以就诊医院报告单为准。
HY-SW-005,all,0,150,0.0,50.0,U/mL,本指标为食物不耐受检测项目，常规参考区间下<50U/mL为阴性（提示对小麦耐受），50~100U/mL为轻度不耐受，100~200U/mL为中度不耐受，>200U/mL为重度不耐受，不同检测系统参考区间可能存在差异，结果需结合临床综合判断。
HY-SW-006,all,0,150,0.0,50.0,U/mL,该指标为食物不耐受检测项目，正常参考区间0~50U/mL为阴性（提示对玉米耐受）；50~100U/mL为轻度不耐受，100~200U/mL为中度不耐受，≥200U/mL为重度不耐受，不同检测试剂参考区间可能存在差异，具体以就诊实验室标注为准。
HY-SW-007,all,0,150,0.0,50.0,U/mL,正常值为<50U/mL（阴性，提示对大豆耐受）；50~100U/mL为轻度不耐受，100~200U/mL为中度不耐受，>200U/mL为重度不耐受，结果需结合临床表现、饮食习惯综合判定，不同检测系统参考区间可能存在差异，建议以就诊实验室报告单为准。
HY-SW-008,all,0,150,0.0,50.0,U/mL,正常参考范围为<50U/mL（阴性，提示对西红柿耐受）；50~100U/mL为轻度不耐受，101~200U/mL为中度不耐受，>200U/mL为重度不耐受。不同检测系统参考区间可能存在差异，建议以就诊医院出具的报告单为准
HY-SW-009,all,0,150,0.0,50.0,U/mL,蘑菇IgG为食物不耐受检测指标，正常参考区间为0~50U/mL，提示对蘑菇耐受；50~100U/mL为轻度不耐受，100~200U/mL为中度不耐受，≥200U/mL为重度不耐受，不同检测系统参考区间可能存在差异，以检测实验室报告为准。
HY-SW-010,all,0,150,0.0,50.0,U/mL,本指标为牛肉特异性IgG抗体，正常参考值<50U/mL为阴性，提示对牛肉耐受；50~100U/mL为轻度不耐受，100~200U/mL为中度不耐受，>200U/mL为重度不耐受。不同检测系统参考区间可能存在差异，具体以就诊机构报告为准。
HY-SW-011,all,0,150,0.0,50.0,U/mL,0~50U/mL为阴性（对鸡肉耐受）；50~100U/mL为轻度不耐受，100~200U/mL为中度不耐受，＞200U/mL为重度不耐受，不同检测系统参考区间可能存在差异，以检测机构出具的报告为准
HY-SW-012,all,0,150,0.0,50.0,U/mL,该指标为食物不耐受检测项目，<50U/mL为阴性（提示对猪肉耐受），50~100U/mL提示轻度不耐受，100~200U/mL提示中度不耐受，≥200U/mL提示重度不耐受；不同检测系统参考范围可能存在差异，建议以检测机构出具的参考区间为准。
HY-SW-013,all,0,150,0.0,50.0,U/mL,本指标为鳕鱼特异性IgG抗体检测，常用参考范围下<50U/mL为阴性，提示对鳕鱼耐受；50~100U/mL为轻度不耐受，100~200U/mL为中度不耐受，≥200U/mL为重度不耐受。不同检测系统参考区间可能存在差异，结果需结合临床情况综合判读。
HY-SW-014,all,0,150,0.0,50.0,U/mL,该指标为食物不耐受检测项目，正常参考范围为<50U/mL（阴性，提示对大米耐受）；50~100U/mL为轻度不耐受，100~200U/mL为中度不耐受，>200U/mL为重度不耐受，结果解读需结合临床症状综合判断。
HY-ROMA-001,all,0,150,0.0,11.4,%,本指标仅适用于绝经前女性，用于卵巢癌风险评估，正常参考值<11.4%，≥11.4%提示卵巢癌高风险，不同检测试剂参考范围可能存在差异，以就诊实验室实际标注为准
HY-ROMA-001,female,18,150,0.0,11.4,%,
HY-ROMA-002,all,0,150,,,%,本指标仅适用于绝经后女性，用于评估卵巢癌发病风险，检测值<7.4%提示卵巢癌低风险，≥7.4%提示卵巢癌高风险，不同检测试剂参考阈值可能略有差异，以检测实验室实际标注为准
HY-ROMA-002,female,18,150,0.0,7.4,%,
HY-HGH-001,all,0,150,0.001,10.0,ng/mL,本参考范围为空腹静息状态下的基础值。生长激素呈脉冲式分泌，受运动、饮食、睡眠、应激等多种因素影响，单次基础值测定临床价值有限，需结合激发试验等结果综合判断；儿童基础生长激素参考范围通常<20ng/mL。
HY-HGH-001,male,18,150,0.001,2.0,ng/mL,
HY-HGH-001,female,18,150,0.001,10.0,ng/mL,
